tick,name,pos_x,pos_y,pos_z,vel_x,vel_y,vel_z,yaw,grounded,fx_count,kudos,combo,nitro,riskboost,takedowns,skill_driver,crashbreaker
0,gt_sport89,0,1,0,0,-2,0,0,2,0,0,0,50,0,0,0,0
1,gt_sport89,0,0,0,0,-2,0,0,4,0,0,0,50,0,0,0,0
2,gt_sport89,0,0,0,0,-1,0,0,4,0,0,0,50,0,0,0,0
3,gt_sport89,0,0,0,0,-1,0,0,4,0,0,0,50,0,0,0,1
4,gt_sport89,0,0,0,0,0,0,0,4,0,0,0,50,0,0,0,2
5,gt_sport89,0,0,0,0,0,0,0,4,0,0,0,51,0,0,0,2
6,gt_sport89,0,0,0,0,0,0,0,4,0,0,0,51,0,0,0,2
7,gt_sport89,0,0,0,0,0,0,0,4,0,0,0,51,0,0,0,2
8,gt_sport89,0,0,0,0,1,0,0,4,0,0,0,51,0,0,0,2
9,gt_sport89,0,0,0,0,1,0,0,4,0,0,0,51,0,0,0,2
10,gt_sport89,0,1,0,0,1,0,0,4,0,0,0,52,0,0,0,2
11,gt_sport89,0,1,0,0,2,0,0,4,0,0,0,52,0,0,0,2
12,gt_sport89,0,1,0,0,0,0,0,2,0,0,0,52,0,0,0,7
13,gt_sport89,0,0,0,0,-3,0,0,2,0,0,0,52,0,0,0,7
14,gt_sport89,0,0,0,0,-2,0,0,4,0,1,0,52,0,0,0,7
15,gt_sport89,0,0,1,0,-2,0,0,4,0,2,0,53,0,0,0,8
16,gt_sport89,0,-1,1,0,-1,0,0,4,0,3,0,53,0,0,0,10
17,gt_sport89,0,-1,1,0,-1,0,0,4,0,4,0,53,0,0,0,13
18,gt_sport89,0,-1,1,0,0,0,0,4,0,4,0,53,0,0,0,15
19,gt_sport89,0,-1,1,0,0,0,0,4,0,4,0,53,0,0,0,18
20,gt_sport89,0,-1,1,0,0,0,0,4,0,4,0,53,0,0,0,18
21,gt_sport89,0,-1,1,0,0,0,0,4,0,4,0,54,0,0,0,18
22,gt_sport89,0,-1,1,0,1,0,0,4,0,5,0,54,0,0,0,18
23,gt_sport89,0,0,1,0,1,0,0,4,0,6,0,54,0,0,0,18
24,gt_sport89,0,0,2,0,1,0,0,4,0,7,0,54,0,0,0,18
25,gt_sport89,0,0,2,0,0,0,0,2,0,7,0,54,0,0,0,22
26,gt_sport89,0,0,2,0,0,0,0,4,0,7,0,55,0,0,0,24
27,gt_sport89,0,0,2,0,0,0,0,4,0,7,0,55,0,0,0,26
28,gt_sport89,0,0,2,0,0,0,0,4,0,7,0,55,0,0,0,27
29,gt_sport89,0,0,2,0,0,0,0,4,0,7,0,55,0,0,0,27
30,gt_sport89,0,0,2,0,0,0,0,4,0,7,0,55,0,0,0,27
31,gt_sport89,0,0,3,0,1,0,0,4,0,7,0,56,0,0,0,27
32,gt_sport89,0,0,3,0,1,0,0,4,0,8,0,56,0,0,0,27
33,gt_sport89,0,0,3,0,-1,0,0,2,0,8,0,56,0,0,0,27
34,gt_sport89,0,0,3,0,0,0,0,4,0,9,0,56,0,0,0,30
35,gt_sport89,0,0,3,0,0,0,0,4,0,9,0,56,0,0,0,32
36,gt_sport89,0,0,3,0,0,0,0,4,0,9,0,56,0,0,0,35
37,gt_sport89,0,0,4,0,0,0,0,4,0,9,0,57,0,0,0,36
38,gt_sport89,0,0,4,0,0,0,0,4,0,9,0,57,0,0,0,36
39,gt_sport89,0,0,4,0,0,0,0,4,0,9,0,57,0,0,0,36
40,gt_sport89,0,0,4,0,1,0,0,4,0,10,0,57,0,0,0,36
41,gt_sport89,0,0,4,0,-1,0,0,2,0,10,0,57,0,0,0,36
42,gt_sport89,0,-1,4,0,-3,0,0,2,0,10,0,58,0,0,0,36
43,gt_sport89,0,-2,4,0,-3,0,0,4,0,11,0,58,0,0,0,39
44,gt_sport89,0,-2,5,0,-2,0,0,4,0,12,0,58,0,0,0,44
45,gt_sport89,0,-3,5,0,-1,0,0,4,0,13,0,58,0,0,0,47
46,gt_sport89,0,-3,5,0,-1,0,0,4,0,14,0,58,0,0,0,51
47,gt_sport89,0,-3,5,0,0,0,0,4,0,14,0,59,0,0,0,55
48,gt_sport89,0,-3,5,0,0,0,0,4,0,14,0,59,0,0,0,58
49,gt_sport89,0,-3,5,0,0,0,0,4,0,14,0,59,0,0,0,59
50,gt_sport89,0,-3,6,0,0,0,0,4,0,14,0,59,0,0,0,59
51,gt_sport89,0,-3,6,0,1,0,0,4,0,15,0,59,0,0,0,59
52,gt_sport89,0,-2,6,0,1,0,0,4,0,16,0,59,0,0,0,59
53,gt_sport89,0,-2,6,0,1,0,0,4,0,17,0,60,0,0,0,59
54,gt_sport89,0,-1,6,0,2,0,0,4,0,18,0,60,0,0,0,59
55,gt_sport89,0,-1,6,0,2,0,0,4,0,19,0,60,0,0,0,59
56,gt_sport89,0,0,7,0,2,0,0,4,0,20,0,60,0,0,0,59
57,gt_sport89,0,0,7,0,3,0,0,4,0,21,0,60,0,0,0,59
58,gt_sport89,0,0,7,0,0,0,0,2,0,21,0,61,0,0,0,76
59,gt_sport89,0,0,7,0,-2,0,0,2,0,21,0,61,0,0,0,76
60,gt_sport89,0,-1,7,0,-4,0,0,2,0,21,0,61,0,0,0,76
61,gt_sport89,0,-2,7,0,-3,0,0,4,0,22,0,61,0,0,0,80
62,gt_sport89,0,-3,7,0,-3,0,0,4,0,23,0,61,0,0,0,84
63,gt_sport89,0,-3,8,0,-2,0,0,4,0,24,0,62,0,0,0,88
64,gt_sport89,0,-4,8,0,-1,0,0,4,0,25,0,62,0,0,0,92
65,gt_sport89,0,-4,8,0,-1,0,0,4,0,26,0,62,0,0,0,96
66,gt_sport89,0,-4,8,0,0,0,0,4,0,26,0,62,0,0,0,99
67,gt_sport89,0,-4,8,0,0,0,0,4,0,26,0,62,0,0,0,100
68,gt_sport89,0,-4,8,0,0,0,0,4,0,26,0,62,0,0,0,100
69,gt_sport89,0,-4,9,0,0,0,0,4,0,26,0,63,0,0,0,100
70,gt_sport89,0,-4,9,0,1,0,0,4,0,27,0,63,0,0,0,100
71,gt_sport89,0,-3,9,0,1,0,0,4,0,28,0,63,0,0,0,100
72,gt_sport89,0,-3,9,0,1,0,0,4,0,29,0,63,0,0,0,100
73,gt_sport89,0,-2,9,0,2,0,0,4,0,30,0,63,0,0,0,100
74,gt_sport89,0,-2,9,0,2,0,0,4,0,31,0,64,0,0,0,100
75,gt_sport89,0,-1,10,0,2,0,0,4,0,32,0,64,0,0,0,100
76,gt_sport89,0,0,10,0,3,0,0,4,0,33,0,64,0,0,0,100
77,gt_sport89,0,0,10,0,3,0,0,4,0,34,0,64,0,0,0,100
78,gt_sport89,0,0,10,0,0,0,0,2,0,34,0,64,0,0,0,100
79,gt_sport89,0,0,10,0,-1,0,0,2,0,34,0,65,0,0,0,100
80,gt_sport89,0,-1,10,0,-4,0,0,2,0,34,0,65,0,0,0,100
81,gt_sport89,0,-2,11,0,-3,0,0,4,0,35,0,65,0,0,0,100
82,gt_sport89,0,-2,11,0,-3,0,0,4,0,36,0,65,0,0,0,100
83,gt_sport89,0,-3,11,0,-2,0,0,4,0,37,0,65,0,0,0,100
84,gt_sport89,0,-3,11,0,-1,0,0,4,0,38,0,65,0,0,0,100
85,gt_sport89,0,-4,11,0,-1,0,0,4,0,39,0,66,0,0,0,100
86,gt_sport89,0,-4,11,0,0,0,0,4,0,39,0,66,0,0,0,100
87,gt_sport89,0,-4,12,0,0,0,0,4,0,39,0,66,0,0,0,100
88,gt_sport89,0,-4,12,0,0,0,0,4,0,39,0,66,0,0,0,100
89,gt_sport89,0,-4,12,0,0,0,0,4,0,39,0,66,0,0,0,100
90,gt_sport89,0,-3,12,0,1,0,0,4,0,40,0,67,0,0,0,100
91,gt_sport89,0,-3,12,0,1,0,0,4,0,41,0,67,0,0,0,100
92,gt_sport89,0,-2,12,0,2,0,0,4,0,42,0,67,0,0,0,100
93,gt_sport89,0,-2,12,0,2,0,0,4,0,43,0,67,0,0,0,100
94,gt_sport89,0,-1,13,0,2,0,0,4,0,44,0,67,0,0,0,100
95,gt_sport89,0,0,13,0,3,0,0,4,0,45,0,68,0,0,0,100
96,gt_sport89,0,0,13,0,3,0,0,4,0,46,0,68,0,0,0,100
97,gt_sport89,0,0,13,0,0,0,0,2,0,46,0,68,0,0,0,100
98,gt_sport89,0,0,13,0,-2,0,0,2,0,46,0,68,0,0,0,100
99,gt_sport89,0,-1,13,0,-4,0,0,2,0,46,0,68,0,0,0,100
100,gt_sport89,0,-2,14,0,-3,0,0,4,0,47,0,68,0,0,0,100
101,gt_sport89,0,-3,14,0,-3,0,0,4,0,48,0,69,0,0,0,100
102,gt_sport89,0,-3,14,0,-2,0,0,4,0,49,0,69,0,0,0,100
103,gt_sport89,0,-4,14,0,-1,0,0,4,0,50,0,69,0,0,0,100
104,gt_sport89,0,-4,14,0,-1,0,0,4,0,51,0,69,0,0,0,100
105,gt_sport89,0,-4,14,0,0,0,0,4,0,51,0,69,0,0,0,100
106,gt_sport89,0,-4,15,0,0,0,0,4,0,51,0,70,0,0,0,100
107,gt_sport89,0,-4,15,0,0,0,0,4,0,51,0,70,0,0,0,100
108,gt_sport89,0,-4,15,0,0,0,0,4,0,51,0,70,0,0,0,100
109,gt_sport89,0,-4,15,0,1,0,0,4,0,52,0,70,0,0,0,100
110,gt_sport89,0,-3,15,0,1,0,0,4,0,53,0,70,0,0,0,100
111,gt_sport89,0,-3,15,0,2,0,0,4,0,54,0,71,0,0,0,100
112,gt_sport89,0,-2,16,0,2,0,0,4,0,55,0,71,0,0,0,100
113,gt_sport89,0,-1,16,0,2,0,0,4,0,56,0,71,0,0,0,100
114,gt_sport89,0,-1,16,0,3,0,0,4,0,57,0,71,0,0,0,100
115,gt_sport89,0,0,16,0,3,0,0,4,0,58,0,71,0,0,0,100
116,gt_sport89,0,0,16,0,0,0,0,2,0,58,0,71,0,0,0,100
117,gt_sport89,0,0,16,0,-2,0,0,2,0,58,0,72,0,0,0,100
118,gt_sport89,0,-1,17,0,-1,0,0,4,0,59,0,72,0,0,0,100
119,gt_sport89,0,-1,17,0,-1,0,0,4,0,60,0,72,0,0,0,100
120,gt_sport89,0,-1,17,0,0,0,0,4,0,60,0,72,0,0,0,100
121,gt_sport89,0,-1,17,0,0,0,0,4,0,60,0,72,0,0,0,100
122,gt_sport89,0,-1,17,0,0,0,0,4,0,60,0,73,0,0,0,100
123,gt_sport89,0,-1,17,0,0,0,0,4,0,60,0,73,0,0,0,100
124,gt_sport89,0,-1,17,0,1,0,0,4,0,61,0,73,0,0,0,100
125,gt_sport89,0,0,18,0,1,0,0,4,0,62,0,73,0,0,0,100
126,gt_sport89,0,0,18,0,1,0,0,4,0,63,0,73,0,0,0,100
127,gt_sport89,0,0,18,0,1,0,0,4,0,64,0,74,0,0,0,100
128,gt_sport89,0,0,18,0,0,0,0,3,0,64,0,74,0,0,0,100
129,gt_sport89,0,0,18,0,0,0,0,3,0,64,0,74,0,0,0,100
130,gt_sport89,0,0,18,0,-1,0,0,3,0,65,0,74,0,0,0,100
131,gt_sport89,0,0,19,0,-1,0,0,4,0,66,0,74,0,0,0,100
132,gt_sport89,0,0,19,0,0,0,0,4,0,66,0,74,0,0,0,100
133,gt_sport89,0,0,19,0,0,0,0,4,0,66,0,75,0,0,0,100
134,gt_sport89,0,0,19,0,0,0,0,4,0,66,0,75,0,0,0,100
135,gt_sport89,0,0,19,0,0,0,0,4,0,66,0,75,0,0,0,100
136,gt_sport89,0,0,19,0,0,0,0,4,0,66,0,75,0,0,0,100
137,gt_sport89,0,0,20,0,1,0,0,4,0,66,0,75,0,0,0,100
138,gt_sport89,1,0,20,0,0,0,0,3,0,66,0,76,0,0,0,100
139,gt_sport89,1,0,20,0,-1,0,0,3,0,67,0,76,0,0,0,100
140,gt_sport89,1,0,20,0,0,0,0,4,0,67,0,76,0,0,0,100
141,gt_sport89,1,0,20,0,0,0,0,4,0,67,0,76,0,0,0,100
142,gt_sport89,1,0,20,0,0,0,0,4,0,67,0,76,0,0,0,100
143,gt_sport89,1,0,21,0,0,0,0,4,0,67,0,77,0,0,0,100
144,gt_sport89,1,0,21,0,0,0,0,4,0,67,0,77,0,0,0,100
145,gt_sport89,1,0,21,0,1,0,0,4,0,67,0,77,0,0,0,100
146,gt_sport89,1,0,21,0,1,0,0,4,0,68,0,77,0,0,0,100
147,gt_sport89,1,0,21,0,1,0,0,4,0,69,0,77,0,0,0,100
148,gt_sport89,1,0,22,0,0,0,0,3,0,69,0,77,0,0,0,100
149,gt_sport89,1,0,22,0,-2,0,0,2,0,69,0,78,0,0,0,100
150,gt_sport89,1,0,22,0,-1,0,0,4,1,70,0,77,0,0,0,100
151,gt_sport89,1,0,22,0,0,0,0,4,0,70,0,77,0,0,0,100
152,gt_sport89,1,0,22,0,0,0,0,4,0,70,0,77,0,0,0,100
153,gt_sport89,1,0,22,0,0,0,0,4,0,70,0,77,0,0,0,100
154,gt_sport89,1,0,22,0,0,0,0,4,0,70,0,78,0,0,0,100
155,gt_sport89,1,0,23,0,0,0,0,4,0,70,0,78,0,0,0,100
156,gt_sport89,1,0,23,0,1,0,0,4,0,70,0,78,0,0,0,100
157,gt_sport89,1,0,23,0,0,0,0,3,0,70,0,78,0,0,0,100
158,gt_sport89,1,0,23,0,0,0,0,4,0,70,0,78,0,0,0,100
159,gt_sport89,1,0,23,0,0,0,0,3,0,71,0,79,0,0,0,100
160,gt_sport89,1,0,23,0,0,0,0,4,0,71,0,79,0,0,0,100
161,gt_sport89,1,0,23,0,0,0,0,4,0,71,0,79,0,0,0,100
162,gt_sport89,1,0,24,0,0,0,0,4,0,71,0,79,0,0,0,100
163,gt_sport89,1,0,24,0,0,0,0,4,0,71,0,79,0,0,0,100
164,gt_sport89,1,0,24,0,0,0,0,4,0,71,0,79,0,0,0,100
165,gt_sport89,1,0,24,0,1,0,0,4,0,71,0,80,0,0,0,100
166,gt_sport89,1,0,24,0,1,0,0,4,0,72,0,80,0,0,0,100
167,gt_sport89,1,0,24,0,0,0,0,3,0,72,0,80,0,0,0,100
168,gt_sport89,1,0,25,0,-1,0,0,3,0,73,0,80,0,0,0,100
169,gt_sport89,1,0,25,0,0,0,0,4,0,73,0,80,0,0,0,100
170,gt_sport89,1,0,25,0,0,0,0,4,0,73,0,81,0,0,0,100
171,gt_sport89,1,0,25,0,0,0,0,4,0,73,0,81,0,0,0,100
172,gt_sport89,1,0,25,0,0,0,0,4,0,73,0,81,0,0,0,100
173,gt_sport89,1,0,25,0,0,0,0,4,0,73,0,81,0,0,0,100
174,gt_sport89,1,0,25,0,0,0,0,3,0,73,0,81,0,0,0,100
175,gt_sport89,1,0,26,0,0,0,0,4,0,73,0,82,0,0,0,100
176,gt_sport89,1,0,26,0,0,0,0,4,0,73,0,82,0,0,0,100
177,gt_sport89,1,0,26,0,0,0,0,4,0,73,0,82,0,0,0,100
178,gt_sport89,1,0,26,0,0,0,0,3,0,73,0,82,0,0,0,100
179,gt_sport89,1,0,26,0,0,0,0,4,0,73,0,82,0,0,0,100
180,gt_sport89,1,0,26,0,0,0,0,4,0,73,0,82,0,0,0,100
181,gt_sport89,1,0,27,0,0,0,0,4,0,73,0,83,0,0,0,100
182,gt_sport89,1,0,27,0,0,0,0,4,0,73,0,83,0,0,0,100
183,gt_sport89,1,0,27,0,0,0,0,4,0,73,0,83,0,0,0,100
184,gt_sport89,1,0,27,0,1,0,0,4,0,73,0,83,0,0,0,100
185,gt_sport89,1,0,27,0,0,0,0,3,0,73,0,83,0,0,0,100
186,gt_sport89,1,0,27,0,-1,0,0,3,0,74,0,84,0,0,0,100
187,gt_sport89,1,0,28,0,0,0,0,4,0,74,0,84,0,0,0,100
188,gt_sport89,1,0,28,0,0,0,0,4,0,74,0,84,0,0,0,100
189,gt_sport89,1,0,28,0,0,0,0,4,0,74,0,84,0,0,0,100
190,gt_sport89,1,0,28,0,0,0,0,4,0,74,0,84,0,0,0,100
191,gt_sport89,1,0,28,0,0,0,0,4,0,74,0,85,0,0,0,100
192,gt_sport89,1,0,28,0,0,0,0,4,0,74,0,85,0,0,0,100
193,gt_sport89,1,0,29,0,0,0,0,3,0,74,0,85,0,0,0,100
194,gt_sport89,1,0,29,0,-1,0,0,3,0,75,0,85,0,0,0,100
195,gt_sport89,1,0,29,0,0,0,0,4,0,76,0,85,0,0,0,100
196,gt_sport89,1,-1,29,0,0,0,0,4,0,76,0,85,0,0,0,100
197,gt_sport89,2,-1,29,0,0,0,0,4,0,76,0,86,0,0,0,100
198,gt_sport89,2,-1,29,0,0,0,0,4,0,76,0,86,0,0,0,100
199,gt_sport89,2,0,30,0,0,0,0,4,0,76,0,86,0,0,0,100
200,gt_sport89,2,0,30,0,1,0,0,4,0,76,0,86,0,0,0,100
201,gt_sport89,2,0,30,0,1,0,0,4,0,77,0,86,0,0,0,100
202,gt_sport89,2,0,30,0,1,0,0,4,0,78,0,87,0,0,0,100
203,gt_sport89,2,0,30,0,0,0,0,3,0,78,0,87,0,0,0,100
204,gt_sport89,2,0,30,0,0,0,0,3,0,78,0,87,0,0,0,100
205,gt_sport89,2,0,31,0,0,0,0,4,0,78,0,87,0,0,0,100
206,gt_sport89,2,0,31,0,0,0,0,4,0,78,0,87,0,0,0,100
207,gt_sport89,2,0,31,0,0,0,0,4,0,78,0,88,0,0,0,100
208,gt_sport89,2,0,31,0,0,0,0,3,0,79,0,88,0,0,0,100
209,gt_sport89,2,0,31,0,0,0,0,4,0,79,0,88,0,0,0,100
210,gt_sport89,2,0,31,0,0,0,0,4,0,79,0,88,0,0,0,100
211,gt_sport89,2,0,32,0,0,0,0,4,0,79,0,88,0,0,0,100
212,gt_sport89,2,0,32,0,0,0,0,4,0,79,0,88,0,0,0,100
213,gt_sport89,2,0,32,0,0,0,0,4,0,79,0,89,0,0,0,100
214,gt_sport89,2,0,32,0,0,0,0,3,0,79,0,89,0,0,0,100
215,gt_sport89,2,0,32,0,0,0,0,4,0,79,0,89,0,0,0,100
216,gt_sport89,2,0,32,0,0,0,0,4,0,79,0,89,0,0,0,100
217,gt_sport89,2,0,33,0,0,0,0,4,0,79,0,89,0,0,0,100
218,gt_sport89,2,0,33,0,0,0,0,3,0,79,0,90,0,0,0,100
219,gt_sport89,2,0,33,0,0,0,0,4,0,79,0,90,0,0,0,100
220,gt_sport89,2,0,33,0,0,0,0,4,0,79,0,90,0,0,0,100
221,gt_sport89,2,0,33,0,0,0,0,4,0,79,0,90,0,0,0,100
222,gt_sport89,2,0,33,0,0,0,0,4,0,79,0,90,0,0,0,100
223,gt_sport89,2,0,34,0,0,0,0,4,0,79,0,91,0,0,0,100
224,gt_sport89,2,0,34,0,0,0,0,3,0,79,0,91,0,0,0,100
225,gt_sport89,2,0,34,0,0,0,0,4,0,79,0,91,0,0,0,100
226,gt_sport89,2,0,34,0,-1,0,0,3,0,80,0,91,0,0,0,100
227,gt_sport89,2,0,34,0,0,0,0,4,0,80,0,91,0,0,0,100
228,gt_sport89,2,0,34,0,0,0,0,4,0,80,0,91,0,0,0,100
229,gt_sport89,2,0,35,0,0,0,0,4,0,80,0,92,0,0,0,100
230,gt_sport89,2,0,35,0,0,0,0,4,0,80,0,92,0,0,0,100
231,gt_sport89,2,0,35,0,0,0,0,4,0,80,0,92,0,0,0,100
232,gt_sport89,2,0,35,0,0,0,0,3,0,80,0,92,0,0,0,100
233,gt_sport89,2,0,35,0,0,0,0,4,0,80,0,92,0,0,0,100
234,gt_sport89,2,0,35,0,0,0,0,4,0,80,0,93,0,0,0,100
235,gt_sport89,2,0,36,0,0,0,0,4,0,80,0,93,0,0,0,100
236,gt_sport89,2,0,36,0,0,0,0,4,0,80,0,93,0,0,0,100
237,gt_sport89,2,0,36,0,0,0,0,3,0,80,0,93,0,0,0,100
238,gt_sport89,2,0,36,0,0,0,0,4,0,80,0,93,0,0,0,100
239,gt_sport89,2,0,36,0,0,0,0,4,0,80,0,94,0,0,0,100
240,gt_sport89,2,0,37,0,0,0,0,4,0,80,0,94,0,0,0,100
241,gt_sport89,2,0,37,0,0,0,0,4,0,80,0,94,0,0,0,100
242,gt_sport89,2,0,37,0,0,0,0,3,0,80,0,94,0,0,0,100
243,gt_sport89,2,0,37,0,-1,0,0,3,0,81,0,94,0,0,0,100
244,gt_sport89,2,0,37,0,-1,0,0,4,0,82,0,94,0,0,0,100
245,gt_sport89,2,-1,37,0,0,0,0,4,0,82,0,95,0,0,0,100
246,gt_sport89,2,-1,38,0,0,0,0,4,0,82,0,95,0,0,0,100
247,gt_sport89,2,-1,38,0,0,0,0,4,0,82,0,95,0,0,0,100
248,gt_sport89,2,0,38,0,0,0,0,4,0,82,0,95,0,0,0,100
249,gt_sport89,3,0,38,0,0,0,0,4,0,82,0,95,0,0,0,100
250,gt_sport89,3,0,38,0,1,0,0,4,0,83,0,96,0,0,0,100
251,gt_sport89,3,0,38,0,1,0,0,4,0,84,0,96,0,0,0,100
252,gt_sport89,3,0,39,0,0,0,0,3,0,84,0,96,0,0,0,100
253,gt_sport89,3,0,39,0,-1,0,0,3,0,85,0,96,0,0,0,100
254,gt_sport89,3,0,39,0,-2,0,0,3,0,86,0,96,0,0,0,100
255,gt_sport89,3,-1,39,0,-1,0,0,4,0,87,0,97,0,0,0,100
256,gt_sport89,3,-1,39,0,0,0,0,4,0,88,0,97,0,0,0,100
257,gt_sport89,3,-1,39,0,0,0,0,4,0,88,0,97,0,0,0,100
258,gt_sport89,3,-1,40,0,0,0,0,4,0,88,0,97,0,0,0,100
259,gt_sport89,3,-1,40,0,0,0,0,4,0,88,0,97,0,0,0,100
260,gt_sport89,3,-1,40,0,0,0,0,4,0,88,0,97,0,0,0,100
261,gt_sport89,3,0,40,0,1,0,0,4,0,89,0,98,0,0,0,100
262,gt_sport89,3,0,40,0,1,0,0,4,0,90,0,98,0,0,0,100
263,gt_sport89,3,0,40,0,1,0,0,4,0,91,0,98,0,0,0,100
264,gt_sport89,3,0,41,0,0,0,0,3,0,91,0,98,0,0,0,100
265,gt_sport89,3,0,41,0,0,0,0,3,0,91,0,98,0,0,0,100
266,gt_sport89,3,0,41,0,-1,0,0,3,0,92,0,99,0,0,0,100
267,gt_sport89,3,-1,41,0,-2,0,0,3,0,93,0,99,0,0,0,100
268,gt_sport89,3,-1,41,0,-2,0,0,4,0,94,0,99,0,0,0,100
269,gt_sport89,3,-2,41,0,-1,0,0,4,0,95,0,99,0,0,0,100
270,gt_sport89,3,-2,42,0,0,0,0,4,0,96,0,99,0,0,0,100
271,gt_sport89,3,-2,42,0,0,0,0,4,0,96,0,100,0,0,0,100
272,gt_sport89,3,-2,42,0,0,0,0,4,0,96,0,100,0,0,0,100
273,gt_sport89,3,-2,42,0,0,0,0,4,0,96,0,100,0,0,0,100
274,gt_sport89,3,-1,42,0,0,0,0,4,0,96,0,100,0,0,0,100
275,gt_sport89,3,-1,42,0,1,0,0,4,0,97,0,100,0,0,0,100
276,gt_sport89,3,-1,43,0,1,0,0,4,0,98,0,100,0,0,0,100
277,gt_sport89,3,0,43,0,2,0,0,4,0,99,0,101,0,0,0,100
278,gt_sport89,3,0,43,0,2,0,0,4,0,100,0,101,0,0,0,100
279,gt_sport89,3,0,43,0,1,0,0,3,0,100,0,101,0,0,0,100
280,gt_sport89,3,0,43,0,-1,0,0,2,0,100,0,101,0,0,0,100
281,gt_sport89,3,0,43,0,-2,0,0,3,0,101,0,101,0,0,0,100
282,gt_sport89,3,-1,43,0,-2,0,0,4,0,102,0,102,0,0,0,100
283,gt_sport89,3,-1,44,0,-1,0,0,4,0,103,0,102,0,0,0,100
284,gt_sport89,3,-1,44,0,0,0,0,4,0,104,0,102,0,0,0,100
285,gt_sport89,3,-2,44,0,0,0,0,4,0,104,0,102,0,0,0,100
286,gt_sport89,3,-2,44,0,0,0,0,4,0,104,0,102,0,0,0,100
287,gt_sport89,3,-1,44,0,0,0,0,4,0,104,0,103,0,0,0,100
288,gt_sport89,3,-1,44,0,1,0,0,4,0,104,0,103,0,0,0,100
289,gt_sport89,3,-1,45,0,1,0,0,4,0,105,0,103,0,0,0,100
290,gt_sport89,3,0,45,0,1,0,0,4,0,106,0,103,0,0,0,100
291,gt_sport89,3,0,45,0,1,0,0,4,0,107,0,103,0,0,0,100
292,gt_sport89,3,0,45,0,2,0,0,4,0,108,0,103,0,0,0,100
293,gt_sport89,3,0,45,0,0,0,0,2,0,108,0,104,0,0,0,100
294,gt_sport89,3,0,45,0,-1,0,0,3,0,109,0,104,0,0,0,100
295,gt_sport89,3,0,46,0,-1,0,0,4,0,110,0,104,0,0,0,100
296,gt_sport89,3,0,46,0,0,0,0,4,0,110,0,104,0,0,0,100
297,gt_sport89,3,0,46,0,0,0,0,4,0,110,0,104,0,0,0,100
298,gt_sport89,3,0,46,0,0,0,0,4,0,110,0,105,0,0,0,100
299,gt_sport89,3,0,46,0,0,0,0,4,0,110,0,105,0,0,0,100
300,gt_sport89,3,0,46,0,0,0,0,4,0,110,0,105,0,0,0,100
301,gt_sport89,3,0,47,0,0,0,0,4,0,120,1,105,0,0,0,100
302,gt_sport89,3,0,47,0,0,0,0,3,0,130,2,105,1,0,0,100
303,gt_sport89,4,0,47,0,0,0,0,4,0,140,3,106,2,0,0,100
304,gt_sport89,4,0,47,0,0,0,0,4,0,150,4,106,3,0,0,100
305,gt_sport89,4,0,47,0,0,0,0,3,0,160,5,106,3,0,0,100
306,gt_sport89,4,0,47,0,0,0,0,4,0,170,6,106,4,0,0,100
307,gt_sport89,4,0,48,0,0,0,0,4,0,180,7,106,5,0,0,100
308,gt_sport89,4,0,48,0,0,0,0,4,0,200,8,106,6,0,0,100
309,gt_sport89,4,0,48,0,0,0,0,4,0,220,9,107,7,0,0,100
310,gt_sport89,4,0,48,0,0,0,0,4,0,240,10,107,7,0,0,100
311,gt_sport89,4,0,48,0,1,0,0,4,0,260,11,107,8,0,0,100
312,gt_sport89,4,0,48,0,0,0,0,3,0,280,12,107,9,0,0,100
313,gt_sport89,4,0,49,0,-1,0,0,3,0,300,13,107,10,0,0,100
314,gt_sport89,4,0,49,0,0,0,0,4,0,320,14,108,10,0,0,100
315,gt_sport89,4,0,49,0,0,0,0,4,0,340,15,108,11,0,0,100
316,gt_sport89,4,0,49,0,0,0,0,4,0,370,16,108,12,0,0,100
317,gt_sport89,4,0,49,0,0,0,0,4,0,400,17,108,13,0,0,100
318,gt_sport89,4,0,49,0,0,0,0,4,0,430,18,108,14,0,0,100
319,gt_sport89,4,0,50,0,0,0,0,4,0,460,19,109,14,0,0,100
320,gt_sport89,4,0,50,0,0,0,0,3,0,490,20,109,15,0,0,100
321,gt_sport89,4,0,50,0,-1,0,0,3,0,520,21,109,16,0,0,100
322,gt_sport89,4,0,50,0,-1,0,0,4,0,550,22,109,17,0,0,100
323,gt_sport89,4,-1,50,0,0,0,0,4,0,580,23,109,17,0,0,100
324,gt_sport89,4,-1,51,0,0,0,0,4,0,620,24,109,18,0,0,100
325,gt_sport89,4,-1,51,0,0,0,0,4,0,660,25,110,19,0,0,100
326,gt_sport89,4,0,51,0,0,0,0,4,0,700,26,110,20,0,0,100
327,gt_sport89,4,0,51,0,0,0,0,4,0,740,27,110,21,0,0,100
328,gt_sport89,4,0,51,0,1,0,0,4,0,780,28,110,21,0,0,100
329,gt_sport89,4,0,51,0,1,0,0,4,0,820,29,110,22,0,0,100
330,gt_sport89,4,0,52,0,0,0,0,3,0,860,30,111,23,0,0,100
331,gt_sport89,4,0,52,0,0,0,0,3,0,900,31,111,24,0,0,100
332,gt_sport89,4,0,52,0,0,0,0,4,0,950,32,111,25,0,0,100
333,gt_sport89,4,0,52,0,-1,0,0,3,0,1000,33,111,25,0,0,100
334,gt_sport89,4,0,52,0,-1,0,0,4,0,1050,34,111,26,0,0,100
335,gt_sport89,4,-1,52,0,0,0,0,4,0,1100,35,112,27,0,0,100
336,gt_sport89,4,-1,53,0,0,0,0,4,0,1150,36,112,28,0,0,100
337,gt_sport89,4,-1,53,0,0,0,0,4,0,1200,37,112,28,0,0,100
338,gt_sport89,4,0,53,0,0,0,0,4,0,1250,38,112,29,0,0,100
339,gt_sport89,4,0,53,0,0,0,0,4,0,1300,39,112,30,0,0,100
340,gt_sport89,4,0,53,0,1,0,0,4,0,1360,40,112,31,0,0,100
341,gt_sport89,4,0,53,0,1,0,0,4,0,1420,41,113,32,0,0,100
342,gt_sport89,4,0,54,0,0,0,0,3,0,1480,42,113,32,0,0,100
343,gt_sport89,4,0,54,0,-1,0,0,3,0,1540,43,113,33,0,0,100
344,gt_sport89,4,0,54,0,-2,0,0,3,0,1600,44,113,34,0,0,100
345,gt_sport89,4,-1,54,0,-1,0,0,4,0,1660,45,113,35,0,0,100
346,gt_sport89,4,-1,54,0,0,0,0,4,0,1720,46,114,35,0,0,100
347,gt_sport89,4,-1,54,0,0,0,0,4,0,1780,47,114,36,0,0,100
348,gt_sport89,4,-1,55,0,0,0,0,4,0,1850,48,114,37,0,0,100
349,gt_sport89,4,-1,55,0,0,0,0,4,0,1920,49,114,38,0,0,100
350,gt_sport89,4,-1,55,0,0,0,0,4,0,1990,50,114,39,0,0,100
351,gt_sport89,4,0,55,0,1,0,0,4,0,2060,51,115,39,0,0,100
352,gt_sport89,4,0,55,0,1,0,0,4,0,2130,52,115,40,0,0,100
353,gt_sport89,4,0,55,0,1,0,0,4,0,2200,53,115,41,0,0,100
354,gt_sport89,4,0,56,0,0,0,0,3,0,2270,54,115,42,0,0,100
355,gt_sport89,4,0,56,0,0,0,0,3,0,2340,55,115,42,0,0,100
356,gt_sport89,4,0,56,0,-1,0,0,3,0,2420,56,115,43,0,0,100
357,gt_sport89,4,-1,56,0,-2,0,0,3,0,2500,57,116,44,0,0,100
358,gt_sport89,4,-1,56,0,-2,0,0,4,0,2580,58,116,45,0,0,100
359,gt_sport89,4,-2,56,0,-1,0,0,4,0,2660,59,116,46,0,0,100
360,gt_sport89,4,-2,57,0,0,0,0,4,0,2740,60,116,46,0,0,100
361,gt_sport89,4,-2,57,0,0,0,0,4,0,2820,61,116,47,0,0,100
362,gt_sport89,4,-2,57,0,0,0,0,4,0,2900,62,117,48,0,0,100
363,gt_sport89,4,-2,57,0,0,0,0,4,0,2980,63,117,49,0,0,100
364,gt_sport89,4,-2,57,0,0,0,0,4,0,3060,64,117,50,0,0,100
365,gt_sport89,4,-1,57,0,1,0,0,4,0,3140,65,117,50,0,0,100
366,gt_sport89,4,-1,58,0,1,0,0,4,0,3220,66,117,51,0,0,100
367,gt_sport89,4,0,58,0,2,0,0,4,0,3300,67,118,52,0,0,100
368,gt_sport89,4,0,58,0,2,0,0,4,0,3380,68,118,53,0,0,100
369,gt_sport89,4,0,58,0,1,0,0,3,0,3460,69,118,53,0,0,100
370,gt_sport89,4,0,58,0,-1,0,0,2,0,3540,70,118,54,0,0,100
371,gt_sport89,4,0,58,0,-2,0,0,3,0,3620,71,118,55,0,0,100
372,gt_sport89,4,-1,59,0,-2,0,0,4,0,3700,72,118,56,0,0,100
373,gt_sport89,4,-1,59,0,-1,0,0,4,0,3780,73,119,57,0,0,100
374,gt_sport89,4,-2,59,0,0,0,0,4,0,3860,74,119,57,0,0,100
375,gt_sport89,4,-2,59,0,0,0,0,4,0,3940,75,119,58,0,0,100
376,gt_sport89,4,-2,59,0,0,0,0,4,0,4020,76,119,59,0,0,100
377,gt_sport89,4,-1,59,0,0,0,0,4,0,4100,77,119,60,0,0,100
378,gt_sport89,3,-1,60,0,1,0,0,4,0,4180,78,120,60,0,0,100
379,gt_sport89,3,-1,60,0,1,0,0,4,0,4260,79,120,61,0,0,100
380,gt_sport89,3,0,60,0,1,0,0,4,0,4340,80,120,62,0,0,100
381,gt_sport89,3,0,60,0,1,0,0,4,0,4420,81,120,63,0,0,100
382,gt_sport89,3,0,60,0,0,0,0,3,0,4500,82,120,64,0,0,100
383,gt_sport89,3,0,60,0,0,0,0,3,0,4580,83,121,64,0,0,100
384,gt_sport89,3,0,61,0,-1,0,0,3,0,4660,84,121,65,0,0,100
385,gt_sport89,3,0,61,0,-1,0,0,4,0,4740,85,121,66,0,0,100
386,gt_sport89,3,-1,61,0,0,0,0,4,0,4820,86,121,67,0,0,100
387,gt_sport89,3,-1,61,0,0,0,0,4,0,4900,87,121,67,0,0,100
388,gt_sport89,3,-1,61,0,0,0,0,4,0,4980,88,121,68,0,0,100
389,gt_sport89,3,0,61,0,0,0,0,4,0,5060,89,122,69,0,0,100
390,gt_sport89,3,0,62,0,1,0,0,4,0,5060,89,122,69,0,0,100
391,gt_sport89,3,0,62,0,1,0,0,4,0,5061,89,122,69,0,0,100
392,gt_sport89,3,0,62,0,1,0,0,4,0,5062,89,122,69,0,0,100
393,gt_sport89,3,0,62,0,0,0,0,3,0,5062,89,122,69,0,0,100
394,gt_sport89,3,0,62,0,0,0,0,3,0,5062,89,123,69,0,0,100
395,gt_sport89,3,0,62,0,-1,0,0,3,0,5063,89,123,69,0,0,100
396,gt_sport89,3,0,63,0,-1,0,0,4,0,5064,89,123,69,0,0,100
397,gt_sport89,3,-1,63,0,0,0,0,4,0,5065,89,123,69,0,0,100
398,gt_sport89,3,-1,63,0,0,0,0,4,0,5065,89,123,69,0,0,100
399,gt_sport89,3,-1,63,0,0,0,0,4,0,5065,89,124,69,0,0,100
400,gt_sport89,3,-1,63,0,0,0,0,4,0,5065,89,124,69,0,0,100
401,gt_sport89,3,-1,63,0,0,0,0,4,0,5065,89,124,69,0,0,100
402,gt_sport89,3,0,64,0,1,0,0,4,0,5065,89,124,69,0,0,100
403,gt_sport89,3,0,64,0,1,0,0,4,0,5066,89,124,69,0,0,100
404,gt_sport89,3,0,64,0,0,0,0,3,0,5066,89,124,69,0,0,100
405,gt_sport89,3,0,64,0,0,0,0,4,0,5066,89,125,69,0,0,100
406,gt_sport89,3,0,64,0,0,0,0,4,0,5066,89,125,69,0,0,100
407,gt_sport89,3,0,64,0,0,0,0,3,0,5066,89,125,69,0,0,100
408,gt_sport89,3,0,65,0,0,0,0,4,0,5066,89,125,69,0,0,100
409,gt_sport89,3,0,65,0,0,0,0,4,0,5066,89,125,69,0,0,100
410,gt_sport89,3,0,65,0,0,0,0,4,0,5066,89,126,69,0,0,100
411,gt_sport89,3,0,65,0,0,0,0,3,0,5066,89,126,69,0,0,100
412,gt_sport89,3,0,65,0,-1,0,0,3,0,5067,89,126,69,0,0,100
413,gt_sport89,3,-1,65,0,-1,0,0,4,0,5068,89,126,69,0,0,100
414,gt_sport89,3,-1,66,0,0,0,0,4,0,5068,89,126,69,0,0,100
415,gt_sport89,3,-1,66,0,0,0,0,4,0,5068,89,127,69,0,0,100
416,gt_sport89,3,-1,66,0,0,0,0,4,0,5068,89,127,69,0,0,100
417,gt_sport89,3,-1,66,0,0,0,0,4,0,5068,89,127,69,0,0,100
418,gt_sport89,3,-1,66,0,0,0,0,4,0,5068,89,127,69,0,0,100
419,gt_sport89,3,0,67,0,1,0,0,4,0,5069,89,127,69,0,0,100
420,gt_sport89,3,0,67,0,1,0,0,4,0,5070,89,127,69,0,0,100
421,gt_sport89,3,0,67,0,0,0,0,3,0,5070,89,128,69,0,0,100
422,gt_sport89,3,0,67,0,0,0,0,4,0,5070,89,128,69,0,0,100
423,gt_sport89,3,0,67,0,0,0,0,4,0,5070,89,128,69,0,0,100
424,gt_sport89,3,0,67,0,0,0,0,3,0,5070,89,128,69,0,0,100
425,gt_sport89,3,0,68,0,-1,0,0,3,0,5071,89,128,69,0,0,100
426,gt_sport89,3,0,68,0,-1,0,0,4,0,5072,89,129,69,0,0,100
427,gt_sport89,3,-1,68,0,0,0,0,4,0,5072,89,129,69,0,0,100
428,gt_sport89,3,-1,68,0,0,0,0,4,0,5072,89,129,69,0,0,100
429,gt_sport89,3,-1,68,0,0,0,0,4,0,5072,89,129,69,0,0,100
430,gt_sport89,3,0,68,0,0,0,0,4,0,5072,89,129,69,0,0,100
431,gt_sport89,3,0,69,0,0,0,0,4,0,5072,89,130,69,0,0,100
432,gt_sport89,3,0,69,0,1,0,0,4,0,5072,89,130,69,0,0,100
433,gt_sport89,3,0,69,0,0,0,0,3,0,5072,89,130,69,0,0,100
434,gt_sport89,3,0,69,0,0,0,0,4,0,5072,89,130,69,0,0,100
435,gt_sport89,3,0,69,0,0,0,0,4,0,5072,89,130,69,0,0,100
436,gt_sport89,3,0,69,0,0,0,0,4,0,5072,89,130,69,0,0,100
437,gt_sport89,3,0,70,0,0,0,0,3,0,5072,89,131,69,0,0,100
438,gt_sport89,3,0,70,0,-1,0,0,3,0,5073,89,131,69,0,0,100
439,gt_sport89,3,0,70,0,-1,0,0,4,0,5074,89,131,69,0,0,100
440,gt_sport89,3,0,70,0,0,0,0,4,0,5074,89,131,69,0,0,100
441,gt_sport89,3,0,70,0,0,0,0,4,0,5074,89,131,69,0,0,100
442,gt_sport89,3,0,70,0,0,0,0,4,0,5074,89,132,69,0,0,100
443,gt_sport89,3,0,71,0,0,0,0,4,0,5074,89,132,69,0,0,100
444,gt_sport89,3,0,71,0,0,0,0,4,0,5074,89,132,69,0,0,100
445,gt_sport89,3,0,71,0,1,0,0,4,0,5075,89,132,69,0,0,100
446,gt_sport89,3,0,71,0,1,0,0,4,0,5076,89,132,69,0,0,100
447,gt_sport89,3,0,71,0,0,0,0,3,0,5076,89,133,69,0,0,100
448,gt_sport89,3,0,71,0,0,0,0,3,0,5077,89,133,69,0,0,100
449,gt_sport89,3,0,72,0,0,0,0,4,0,5077,89,133,69,0,0,100
450,gt_sport89,3,0,72,0,0,0,0,4,0,5077,89,133,69,0,0,100
451,gt_sport89,3,0,72,0,0,0,0,4,0,5077,89,133,69,0,0,100
452,gt_sport89,3,0,72,0,0,0,0,4,0,5077,89,133,69,0,0,100
453,gt_sport89,3,0,72,0,0,0,0,3,0,5077,0,134,69,0,0,100
454,gt_sport89,3,0,72,0,0,0,0,4,0,5077,0,134,69,0,0,100
455,gt_sport89,3,0,73,0,0,0,0,4,0,5077,0,134,69,0,0,100
456,gt_sport89,3,0,73,0,0,0,0,4,0,5077,0,134,69,0,0,100
457,gt_sport89,3,0,73,0,0,0,0,4,0,5077,0,134,69,0,0,100
458,gt_sport89,3,0,73,0,0,0,0,3,0,5077,0,135,69,0,0,100
459,gt_sport89,3,0,73,0,0,0,0,4,0,5077,0,135,69,0,0,100
460,gt_sport89,3,0,73,0,0,0,0,4,0,5077,0,135,69,0,0,100
461,gt_sport89,3,0,74,0,0,0,0,4,0,5077,0,135,69,0,0,100
462,gt_sport89,3,0,74,0,0,0,0,4,0,5077,0,135,69,0,0,100
463,gt_sport89,3,0,74,0,0,0,0,3,0,5077,0,136,69,0,0,100
464,gt_sport89,3,0,74,0,0,0,0,4,0,5077,0,136,69,0,0,100
465,gt_sport89,3,0,74,0,0,0,0,4,0,5077,0,136,69,0,0,100
466,gt_sport89,3,0,74,0,0,0,0,4,0,5077,0,136,69,0,0,100
467,gt_sport89,3,0,75,0,0,0,0,4,0,5077,0,136,69,0,0,100
468,gt_sport89,3,0,75,0,0,0,0,4,0,5077,0,136,69,0,0,100
469,gt_sport89,3,0,75,0,0,0,0,3,0,5077,0,137,69,0,0,100
470,gt_sport89,3,0,75,0,-1,0,0,3,0,5078,0,137,69,0,0,100
471,gt_sport89,3,0,75,0,-2,0,0,3,0,5079,0,137,69,0,0,100
472,gt_sport89,3,-1,75,0,-1,0,0,4,0,5080,0,137,69,0,0,100
473,gt_sport89,3,-1,76,0,-1,0,0,4,0,5081,0,137,69,0,0,100
474,gt_sport89,3,-1,76,0,0,0,0,4,0,5081,0,138,69,0,0,100
475,gt_sport89,3,-1,76,0,0,0,0,4,0,5081,0,138,69,0,0,100
476,gt_sport89,3,-1,76,0,0,0,0,4,0,5081,0,138,69,0,0,100
477,gt_sport89,3,-1,76,0,0,0,0,4,0,5081,0,138,69,0,0,100
478,gt_sport89,3,-1,77,0,1,0,0,4,0,5082,0,138,69,0,0,100
479,gt_sport89,3,0,77,0,1,0,0,4,0,5083,0,139,69,0,0,100
480,gt_sport89,3,0,77,0,1,0,0,4,0,5084,0,139,69,0,0,100
481,gt_sport89,3,0,77,0,2,0,0,4,0,5085,0,139,69,0,0,100
482,gt_sport89,3,0,77,0,0,0,0,3,0,5085,0,139,69,0,0,100
483,gt_sport89,3,0,77,0,0,0,0,3,0,5085,0,139,69,0,0,100
484,gt_sport89,3,0,78,0,-1,0,0,3,0,5086,0,139,69,0,0,100
485,gt_sport89,3,0,78,0,-1,0,0,4,0,5087,0,140,69,0,0,100
486,gt_sport89,3,0,78,0,0,0,0,4,0,5087,0,140,69,0,0,100
487,gt_sport89,3,0,78,0,0,0,0,4,0,5087,0,140,69,0,0,100
488,gt_sport89,3,0,78,0,0,0,0,4,0,5087,0,140,69,0,0,100
489,gt_sport89,3,0,78,0,0,0,0,4,0,5087,0,140,69,0,0,100
490,gt_sport89,3,0,79,0,0,0,0,4,0,5087,0,140,69,0,0,100
491,gt_sport89,3,0,79,0,1,0,0,4,0,5087,0,140,69,0,0,100
492,gt_sport89,3,0,79,0,0,0,0,3,0,5087,0,140,69,0,0,100
493,gt_sport89,3,0,79,0,-1,0,0,3,0,5088,0,140,69,0,0,100
494,gt_sport89,3,0,79,0,0,0,0,4,0,5089,0,140,69,0,0,100
495,gt_sport89,3,-1,79,0,0,0,0,4,0,5089,0,140,69,0,0,100
496,gt_sport89,3,-1,80,0,0,0,0,4,0,5089,0,140,69,0,0,100
497,gt_sport89,3,0,80,0,0,0,0,4,0,5089,0,140,69,0,0,100
498,gt_sport89,3,0,80,0,0,0,0,4,0,5089,0,140,69,0,0,100
499,gt_sport89,3,0,80,0,0,0,0,4,0,5089,0,140,69,0,0,100
500,gt_sport89,3,0,80,0,1,0,0,4,0,5090,0,140,69,0,0,100
501,gt_sport89,3,0,80,0,1,0,0,4,0,5091,0,140,69,0,0,100
502,gt_sport89,3,0,81,0,0,0,0,3,0,5091,0,140,69,0,0,100
503,gt_sport89,3,0,81,0,0,0,0,3,0,5092,0,140,69,0,0,100
504,gt_sport89,3,0,81,0,-2,0,0,3,0,5093,0,140,69,0,0,100
505,gt_sport89,3,0,81,0,-1,0,0,4,0,5094,0,140,69,0,0,100
506,gt_sport89,3,-1,81,0,-1,0,0,4,0,5095,0,140,69,0,0,100
507,gt_sport89,3,-1,81,0,0,0,0,4,0,5095,0,140,69,0,0,100
508,gt_sport89,3,-1,82,0,0,0,0,4,0,5095,0,140,69,0,0,100
509,gt_sport89,3,-1,82,0,0,0,0,4,0,5095,0,140,69,0,0,100
510,gt_sport89,3,-1,82,0,0,0,0,4,0,5095,0,140,69,0,0,100
511,gt_sport89,2,0,82,0,1,0,0,4,0,5096,0,140,69,0,0,100
512,gt_sport89,2,0,82,0,1,0,0,4,0,5097,0,140,69,0,0,100
513,gt_sport89,2,0,82,0,0,0,0,3,0,5097,0,140,69,0,0,100
514,gt_sport89,2,0,83,0,0,0,0,4,0,5097,0,140,69,0,0,100
515,gt_sport89,2,0,83,0,0,0,0,4,0,5097,0,140,69,0,0,100
516,gt_sport89,2,0,83,0,0,0,0,3,0,5097,0,140,69,0,0,100
517,gt_sport89,2,0,83,0,-1,0,0,3,0,5098,0,140,69,0,0,100
518,gt_sport89,2,0,83,0,-1,0,0,4,0,5099,0,140,69,0,0,100
519,gt_sport89,2,-1,83,0,0,0,0,4,0,5099,0,140,69,0,0,100
520,gt_sport89,2,-1,84,0,0,0,0,4,0,5099,0,140,69,0,0,100
521,gt_sport89,2,-1,84,0,0,0,0,4,0,5099,0,140,69,0,0,100
522,gt_sport89,2,-1,84,0,0,0,0,4,0,5099,0,140,69,0,0,100
523,gt_sport89,2,0,84,0,0,0,0,4,0,5099,0,140,69,0,0,100
524,gt_sport89,2,0,84,0,1,0,0,4,0,5100,0,140,69,0,0,100
525,gt_sport89,2,0,84,0,1,0,0,4,0,5101,0,140,69,0,0,100
526,gt_sport89,2,0,85,0,0,0,0,3,0,5101,0,140,69,0,0,100
527,gt_sport89,2,0,85,0,0,0,0,3,0,5101,0,140,69,0,0,100
528,gt_sport89,2,0,85,0,0,0,0,4,0,5101,0,140,69,0,0,100
529,gt_sport89,2,0,85,0,-1,0,0,3,0,5102,0,140,69,0,0,100
530,gt_sport89,2,-1,85,0,-1,0,0,4,0,5103,0,140,69,0,0,100
531,gt_sport89,2,-1,85,0,0,0,0,4,0,5103,0,140,69,0,0,100
532,gt_sport89,2,-1,86,0,0,0,0,4,0,5103,0,140,69,0,0,100
533,gt_sport89,2,-1,86,0,0,0,0,4,0,5103,0,140,69,0,0,100
534,gt_sport89,2,-1,86,0,0,0,0,4,0,5103,0,140,69,0,0,100
535,gt_sport89,2,0,86,0,0,0,0,4,0,5103,0,140,69,0,0,100
536,gt_sport89,2,0,86,0,1,0,0,4,0,5104,0,140,69,0,0,100
537,gt_sport89,2,0,86,0,0,0,0,3,0,5104,0,140,69,0,0,100
538,gt_sport89,2,0,87,0,-1,0,0,3,0,5105,0,140,69,0,0,100
539,gt_sport89,2,0,87,0,0,0,0,4,0,5105,0,140,69,0,0,100
540,gt_sport89,2,0,87,0,0,0,0,4,0,5105,0,140,69,0,0,100
541,gt_sport89,2,0,87,0,0,0,0,4,0,5105,0,140,69,0,0,100
542,gt_sport89,2,0,87,0,0,0,0,4,0,5105,0,140,69,0,0,100
543,gt_sport89,2,0,88,0,0,0,0,4,0,5105,0,140,69,0,0,100
544,gt_sport89,2,0,88,0,1,0,0,4,0,5106,0,140,69,0,0,100
545,gt_sport89,2,0,88,0,1,0,0,4,0,5107,0,140,69,0,0,100
546,gt_sport89,2,0,88,0,0,0,0,3,0,5107,0,140,69,0,0,100
547,gt_sport89,2,0,88,0,-1,0,0,3,0,5108,0,140,69,0,0,100
548,gt_sport89,2,0,88,0,-2,0,0,3,0,5109,0,140,69,0,0,100
549,gt_sport89,2,-1,89,0,-1,0,0,4,0,5110,0,140,69,0,0,100
550,gt_sport89,2,-1,89,0,-1,0,0,4,0,5111,0,140,69,0,0,100
551,gt_sport89,2,-1,89,0,0,0,0,4,0,5111,0,140,69,0,0,100
552,gt_sport89,2,-1,89,0,0,0,0,4,0,5111,0,140,69,0,0,100
553,gt_sport89,2,-1,89,0,0,0,0,4,0,5111,0,140,69,0,0,100
554,gt_sport89,2,-1,89,0,0,0,0,4,0,5111,0,140,69,0,0,100
555,gt_sport89,2,-1,90,0,1,0,0,4,0,5112,0,140,69,0,0,100
556,gt_sport89,2,0,90,0,1,0,0,4,0,5113,0,140,69,0,0,100
557,gt_sport89,2,0,90,0,1,0,0,4,0,5114,0,140,69,0,0,100
558,gt_sport89,2,0,90,0,1,0,0,4,0,5115,0,140,69,0,0,100
559,gt_sport89,2,0,90,0,0,0,0,2,0,5115,0,140,69,0,0,100
560,gt_sport89,2,0,90,0,-1,0,0,3,0,5116,0,140,69,0,0,100
561,gt_sport89,2,0,91,0,-1,0,0,4,0,5126,1,140,70,0,0,100
562,gt_sport89,2,-1,91,0,-1,0,0,4,0,5136,2,140,71,0,0,100
563,gt_sport89,2,-1,91,0,0,0,0,4,0,5146,3,140,71,0,0,100
564,gt_sport89,2,-1,91,0,0,0,0,4,0,5156,4,140,72,0,0,100
565,gt_sport89,2,-1,91,0,0,0,0,4,0,5166,5,140,73,0,0,100
566,gt_sport89,2,-1,91,0,0,0,0,4,0,5176,6,140,74,0,0,100
567,gt_sport89,2,0,92,0,1,0,0,4,0,5186,7,140,75,0,0,100
568,gt_sport89,2,0,92,0,1,0,0,4,0,5206,8,140,75,0,0,100
569,gt_sport89,2,0,92,0,0,0,0,3,0,5226,9,140,76,0,0,100
570,gt_sport89,2,0,92,0,0,0,0,4,0,5246,10,140,77,0,0,100
571,gt_sport89,2,0,92,0,0,0,0,4,0,5266,11,140,78,0,0,100
572,gt_sport89,2,0,92,0,0,0,0,3,0,5286,12,140,78,0,0,100
573,gt_sport89,2,0,93,0,-1,0,0,3,0,5306,13,140,79,0,0,100
574,gt_sport89,2,0,93,0,-1,0,0,4,0,5326,14,140,80,0,0,100
575,gt_sport89,2,-1,93,0,0,0,0,4,0,5346,15,140,81,0,0,100
576,gt_sport89,2,-1,93,0,0,0,0,4,0,5376,16,140,82,0,0,100
577,gt_sport89,2,0,93,0,0,0,0,4,0,5406,17,140,82,0,0,100
578,gt_sport89,2,0,93,0,0,0,0,4,0,5436,18,140,83,0,0,100
579,gt_sport89,2,0,94,0,0,0,0,4,0,5466,19,140,84,0,0,100
580,gt_sport89,2,0,94,0,1,0,0,4,0,5496,20,140,85,0,0,100
581,gt_sport89,2,0,94,0,0,0,0,3,0,5526,21,140,85,0,0,100
582,gt_sport89,2,0,94,0,0,0,0,4,0,5556,22,140,86,0,0,100
583,gt_sport89,2,0,94,0,0,0,0,4,0,5586,23,140,87,0,0,100
584,gt_sport89,2,0,94,0,0,0,0,4,0,5626,24,140,88,0,0,100
585,gt_sport89,2,0,95,0,0,0,0,3,0,5666,25,140,89,0,0,100
586,gt_sport89,2,0,95,0,-1,0,0,3,0,5706,26,140,89,0,0,100
587,gt_sport89,2,0,95,0,-1,0,0,4,0,5746,27,140,90,0,0,100
588,gt_sport89,2,0,95,0,0,0,0,4,0,5786,28,140,91,0,0,100
589,gt_sport89,2,0,95,0,0,0,0,4,0,5826,29,140,92,0,0,100
590,gt_sport89,2,0,95,0,0,0,0,4,0,5866,30,140,92,0,0,100
591,gt_sport89,2,0,96,0,0,0,0,4,0,5906,31,140,93,0,0,100
592,gt_sport89,2,0,96,0,0,0,0,4,0,5956,32,140,94,0,0,100
593,gt_sport89,2,0,96,0,1,0,0,4,0,6006,33,140,95,0,0,100
594,gt_sport89,2,0,96,0,0,0,0,3,0,6056,34,140,96,0,0,100
595,gt_sport89,2,0,96,0,-1,0,0,3,0,6106,35,140,96,0,0,100
596,gt_sport89,2,0,96,0,0,0,0,4,0,6156,36,140,97,0,0,100
597,gt_sport89,2,0,97,0,0,0,0,4,0,6206,37,140,98,0,0,100
598,gt_sport89,2,0,97,0,0,0,0,4,0,6256,38,140,99,0,0,100
599,gt_sport89,2,0,97,0,0,0,0,4,0,6306,39,140,100,0,0,100
600,gt_sport89,2,0,97,0,0,0,0,4,0,6366,40,140,100,0,0,100
601,gt_sport89,2,0,97,0,0,0,0,4,0,6426,41,140,100,0,0,100
602,gt_sport89,2,0,97,0,1,0,0,4,0,6486,42,140,100,0,0,100
603,gt_sport89,2,0,98,0,1,0,0,4,0,6546,43,140,100,0,0,100
604,gt_sport89,2,0,98,0,0,0,0,3,0,6606,44,140,100,0,0,100
605,gt_sport89,2,0,98,0,-2,0,0,2,0,6666,45,140,100,0,0,100
606,gt_sport89,2,-1,98,0,-3,0,0,3,0,6726,46,140,100,0,0,100
607,gt_sport89,2,-1,98,0,-2,0,0,4,0,6786,47,140,100,0,0,100
608,gt_sport89,2,-2,98,0,-2,0,0,4,0,6856,48,140,100,0,0,100
609,gt_sport89,2,-2,99,0,-1,0,0,4,0,6926,49,140,100,0,0,100
610,gt_sport89,2,-3,99,0,0,0,0,4,0,6926,49,140,100,0,0,100
611,gt_sport89,2,-3,99,0,0,0,0,4,0,6926,49,140,100,0,0,100
612,gt_sport89,2,-3,99,0,0,0,0,4,0,6926,49,140,100,0,0,100
613,gt_sport89,2,-2,99,0,0,0,0,4,0,6926,49,140,100,0,0,100
614,gt_sport89,2,-2,99,0,1,0,0,4,0,6926,49,140,100,0,0,100
615,gt_sport89,2,-2,100,0,1,0,0,4,0,6927,49,140,100,0,0,100
616,gt_sport89,2,-1,100,0,1,0,0,4,0,6928,49,140,100,0,0,100
617,gt_sport89,2,-1,100,0,2,0,0,4,0,6929,49,140,100,0,0,100
618,gt_sport89,2,0,100,0,2,0,0,4,0,6930,49,140,100,0,0,100
619,gt_sport89,2,0,100,0,2,0,0,4,0,6931,49,140,100,0,0,100
620,gt_sport89,2,0,101,0,1,0,0,3,0,6932,49,140,100,0,0,100
621,gt_sport89,2,0,101,0,-1,0,0,2,0,6932,49,140,100,0,0,100
622,gt_sport89,2,0,101,0,-2,0,0,3,0,6933,49,140,100,0,0,100
623,gt_sport89,2,0,101,0,-1,0,0,4,0,6934,49,140,100,0,0,100
624,gt_sport89,2,-1,101,0,-1,0,0,4,0,6935,49,140,100,0,0,100
625,gt_sport89,2,-1,101,0,0,0,0,4,0,6935,49,140,100,0,0,100
626,gt_sport89,2,-1,101,0,0,0,0,4,0,6935,49,140,100,0,0,100
627,gt_sport89,2,-1,102,0,0,0,0,4,0,6935,49,140,100,0,0,100
628,gt_sport89,2,-1,102,0,0,0,0,4,0,6935,49,140,100,0,0,100
629,gt_sport89,2,-1,102,0,0,0,0,4,0,6935,49,140,100,0,0,100
630,gt_sport89,2,0,102,0,1,0,0,4,0,6936,49,140,100,0,0,100
631,gt_sport89,2,0,102,0,1,0,0,4,0,6937,49,140,100,0,0,100
632,gt_sport89,2,0,102,0,0,0,0,3,0,6937,49,140,100,0,0,100
633,gt_sport89,2,0,103,0,0,0,0,3,0,6937,49,140,100,0,0,100
634,gt_sport89,2,0,103,0,0,0,0,4,0,6937,49,140,100,0,0,100
635,gt_sport89,2,0,103,0,0,0,0,4,0,6937,49,140,100,0,0,100
636,gt_sport89,2,0,103,0,0,0,0,4,0,6937,49,140,100,0,0,100
637,gt_sport89,2,0,103,0,0,0,0,4,0,6937,49,140,100,0,0,100
638,gt_sport89,2,0,104,0,0,0,0,4,0,6937,49,140,100,0,0,100
639,gt_sport89,2,0,104,0,1,0,0,4,0,6937,49,140,100,0,0,100
640,gt_sport89,2,0,104,0,0,0,0,3,0,6937,49,140,100,0,0,100
641,gt_sport89,2,0,104,0,-1,0,0,3,0,6938,49,140,100,0,0,100
642,gt_sport89,2,0,104,0,-2,0,0,3,0,6939,49,140,100,0,0,100
643,gt_sport89,2,-1,104,0,-1,0,0,4,0,6940,49,140,100,0,0,100
644,gt_sport89,2,-1,105,0,-1,0,0,4,0,6941,49,140,100,0,0,100
645,gt_sport89,2,-1,105,0,0,0,0,4,0,6941,49,140,100,0,0,100
646,gt_sport89,2,-1,105,0,0,0,0,4,0,6941,49,140,100,0,0,100
647,gt_sport89,2,-1,105,0,0,0,0,4,0,6941,49,140,100,0,0,100
648,gt_sport89,2,-1,105,0,0,0,0,4,0,6941,49,140,100,0,0,100
649,gt_sport89,2,-1,105,0,1,0,0,4,0,6942,49,140,100,0,0,100
650,gt_sport89,2,0,106,0,1,0,0,4,0,6943,49,140,100,0,0,100
651,gt_sport89,2,0,106,0,1,0,0,4,0,6944,49,140,100,0,0,100
652,gt_sport89,2,0,106,0,0,0,0,3,0,6944,49,140,100,0,0,100
653,gt_sport89,2,0,106,0,0,0,0,4,0,6944,49,140,100,0,0,100
654,gt_sport89,2,0,106,0,0,0,0,3,0,6944,49,140,100,0,0,100
655,gt_sport89,2,0,106,0,0,0,0,4,0,6944,49,140,100,0,0,100
656,gt_sport89,2,0,107,0,0,0,0,4,0,6944,49,140,100,0,0,100
657,gt_sport89,2,0,107,0,0,0,0,3,0,6945,49,140,100,0,0,100
658,gt_sport89,2,0,107,0,0,0,0,4,0,6945,49,140,100,0,0,100
659,gt_sport89,2,0,107,0,0,0,0,4,0,6945,49,140,100,0,0,100
660,gt_sport89,2,0,107,0,0,0,0,4,0,6945,49,140,100,0,0,100
661,gt_sport89,2,0,107,0,0,0,0,4,0,6945,49,140,100,0,0,100
662,gt_sport89,2,0,108,0,0,0,0,4,0,6945,49,140,100,0,0,100
663,gt_sport89,2,0,108,0,0,0,0,3,0,6945,49,140,100,0,0,100
664,gt_sport89,2,0,108,0,-1,0,0,3,0,6946,49,140,100,0,0,100
665,gt_sport89,2,-1,108,0,-1,0,0,4,0,6947,49,140,100,0,0,100
666,gt_sport89,2,-1,108,0,0,0,0,4,0,6947,49,140,100,0,0,100
667,gt_sport89,2,-1,108,0,0,0,0,4,0,6947,49,140,100,0,0,100
668,gt_sport89,2,-1,109,0,0,0,0,4,0,6947,49,140,100,0,0,100
669,gt_sport89,2,-1,109,0,0,0,0,4,0,6947,49,140,100,0,0,100
670,gt_sport89,2,0,109,0,1,0,0,4,0,6948,49,140,100,0,0,100
671,gt_sport89,2,0,109,0,1,0,0,4,0,6949,49,140,100,0,0,100
672,gt_sport89,2,0,109,0,1,0,0,4,0,6950,49,140,100,0,0,100
673,gt_sport89,2,0,109,0,-1,0,0,2,0,6950,0,140,100,0,0,100
674,gt_sport89,2,0,110,0,-2,0,0,3,0,6951,0,140,100,0,0,100
675,gt_sport89,2,-1,110,0,-1,0,0,4,0,6952,0,140,100,0,0,100
676,gt_sport89,2,-1,110,0,-1,0,0,4,0,6953,0,140,100,0,0,100
677,gt_sport89,2,-1,110,0,0,0,0,4,0,6953,0,140,100,0,0,100
678,gt_sport89,2,-1,110,0,0,0,0,4,0,6953,0,140,100,0,0,100
679,gt_sport89,2,-1,110,0,0,0,0,4,0,6953,0,140,100,0,0,100
680,gt_sport89,2,-1,111,0,0,0,0,4,0,6953,0,140,100,0,0,100
681,gt_sport89,2,0,111,0,1,0,0,4,0,6954,0,140,100,0,0,100
682,gt_sport89,2,0,111,0,1,0,0,4,0,6955,0,140,100,0,0,100
683,gt_sport89,2,0,111,0,1,0,0,4,0,6956,0,140,100,0,0,100
684,gt_sport89,2,0,111,0,0,0,0,3,0,6956,0,140,100,0,0,100
685,gt_sport89,2,0,111,0,0,0,0,3,0,6956,0,140,100,0,0,100
686,gt_sport89,2,0,112,0,-1,0,0,3,0,6957,0,140,100,0,0,100
687,gt_sport89,2,0,112,0,-1,0,0,4,0,6958,0,140,100,0,0,100
688,gt_sport89,2,0,112,0,0,0,0,4,0,6958,0,140,100,0,0,100
689,gt_sport89,2,-1,112,0,0,0,0,4,0,6958,0,140,100,0,0,100
690,gt_sport89,2,-1,112,0,0,0,0,4,0,6958,0,140,100,0,0,100
691,gt_sport89,2,0,112,0,0,0,0,4,0,6958,0,140,100,0,0,100
692,gt_sport89,2,0,113,0,0,0,0,4,0,6958,0,140,100,0,0,100
693,gt_sport89,2,0,113,0,1,0,0,4,0,6958,0,140,100,0,0,100
694,gt_sport89,2,0,113,0,1,0,0,4,0,6959,0,140,100,0,0,100
695,gt_sport89,2,0,113,0,1,0,0,4,0,6960,0,140,100,0,0,100
696,gt_sport89,2,0,113,0,0,0,0,3,0,6960,0,140,100,0,0,100
697,gt_sport89,2,0,113,0,0,0,0,3,0,6961,0,140,100,0,0,100
698,gt_sport89,2,0,114,0,-2,0,0,3,0,6962,0,140,100,0,0,100
699,gt_sport89,2,0,114,0,-1,0,0,4,0,6963,0,140,100,0,0,100
700,gt_sport89,2,-1,114,0,-1,0,0,4,0,6964,0,140,100,0,0,100
701,gt_sport89,2,-1,114,0,0,0,0,4,0,6964,0,140,100,0,0,100
702,gt_sport89,2,-1,114,0,0,0,0,4,0,6964,0,140,100,0,0,100
703,gt_sport89,2,-1,114,0,0,0,0,4,0,6964,0,140,100,0,0,100
704,gt_sport89,2,0,115,0,0,0,0,4,0,6964,0,140,100,0,0,100
705,gt_sport89,2,0,115,0,1,0,0,4,0,6965,0,140,100,0,0,100
706,gt_sport89,2,0,115,0,1,0,0,4,0,6966,0,140,100,0,0,100
707,gt_sport89,2,0,115,0,0,0,0,3,0,6966,0,140,100,0,0,100
708,gt_sport89,2,0,115,0,0,0,0,3,0,6967,0,140,100,0,0,100
709,gt_sport89,2,0,115,0,0,0,0,4,0,6967,0,140,100,0,0,100
710,gt_sport89,2,0,116,0,0,0,0,4,0,6967,0,140,100,0,0,100
711,gt_sport89,2,0,116,0,0,0,0,4,0,6967,0,140,100,0,0,100
712,gt_sport89,2,0,116,0,0,0,0,4,0,6967,0,140,100,0,0,100
713,gt_sport89,2,0,116,0,0,0,0,4,0,6967,0,140,100,0,0,100
714,gt_sport89,2,0,116,0,1,0,0,4,0,6967,0,140,100,0,0,100
715,gt_sport89,2,0,117,0,1,0,0,4,0,6968,0,140,100,0,0,100
716,gt_sport89,2,0,117,0,0,0,0,3,0,6968,0,140,100,0,0,100
717,gt_sport89,2,0,117,0,-1,0,0,3,0,6969,0,140,100,0,0,100
718,gt_sport89,2,0,117,0,-2,0,0,3,0,6970,0,140,100,0,0,100
719,gt_sport89,2,-1,117,0,-1,0,0,4,0,6971,0,140,100,0,0,100
720,gt_sport89,2,-1,117,0,0,0,0,4,1,6971,0,140,100,0,0,7
721,gt_sport89,2,-1,117,0,0,0,0,4,0,6971,0,140,100,0,0,10
722,gt_sport89,2,-1,118,0,0,0,0,4,0,6971,0,140,100,0,0,10
723,gt_sport89,2,0,118,0,0,0,0,4,0,6971,0,140,100,0,0,10
724,gt_sport89,2,0,118,0,1,0,0,4,0,6972,0,140,100,0,0,10
725,gt_sport89,2,0,118,0,1,0,0,4,0,6973,0,140,100,0,0,10
726,gt_sport89,2,0,118,0,0,0,0,3,0,6973,0,140,100,0,0,18
727,gt_sport89,2,0,118,0,-1,0,0,3,0,6974,0,140,100,0,0,18
728,gt_sport89,2,0,119,0,-2,0,0,3,0,6975,0,140,100,0,0,18
729,gt_sport89,2,-1,119,0,-1,0,0,4,0,6976,0,140,100,0,0,21
730,gt_sport89,2,-1,119,0,-1,0,0,4,0,6977,0,140,100,0,0,24
731,gt_sport89,2,-1,119,0,0,0,0,4,0,6977,0,140,100,0,0,27
732,gt_sport89,2,-1,119,0,0,0,0,4,0,6977,0,140,100,0,0,30
733,gt_sport89,2,-1,119,0,0,0,0,4,0,6977,0,140,100,0,0,30
734,gt_sport89,2,-1,119,0,0,0,0,4,0,6977,0,140,100,0,0,30
735,gt_sport89,2,-1,120,0,1,0,0,4,0,6978,0,140,100,0,0,30
736,gt_sport89,2,0,120,0,1,0,0,4,0,6979,0,140,100,0,0,30
737,gt_sport89,2,0,120,0,1,0,0,4,0,6980,0,140,100,0,0,30
738,gt_sport89,2,0,120,0,0,0,0,3,0,6980,0,140,100,0,0,37
739,gt_sport89,2,0,120,0,0,0,0,3,0,6980,0,140,100,0,0,37
740,gt_sport89,2,0,120,0,-1,0,0,3,0,6981,0,140,100,0,0,37
741,gt_sport89,2,0,121,0,-1,0,0,4,0,6982,0,140,100,0,0,40
742,gt_sport89,2,-1,121,0,0,0,0,4,0,6982,0,140,100,0,0,43
743,gt_sport89,2,-1,121,0,0,0,0,4,0,6982,0,140,100,0,0,45
744,gt_sport89,2,-1,121,0,0,0,0,4,0,6982,0,140,100,0,0,48
745,gt_sport89,2,-1,121,0,0,0,0,4,0,6982,0,140,100,0,0,48
746,gt_sport89,2,0,121,0,0,0,0,4,0,6982,0,140,100,0,0,48
747,gt_sport89,2,0,122,0,1,0,0,4,0,6982,0,140,100,0,0,48
748,gt_sport89,2,0,122,0,1,0,0,4,0,6983,0,140,100,0,0,48
749,gt_sport89,2,0,122,0,0,0,0,3,0,6983,0,140,100,0,0,54
750,gt_sport89,2,0,122,0,0,0,0,4,0,6983,0,140,100,0,0,54
751,gt_sport89,2,0,122,0,0,0,0,3,0,6983,0,140,100,0,0,54
752,gt_sport89,2,0,122,0,0,0,0,4,0,6983,0,140,100,0,0,56
753,gt_sport89,2,0,123,0,0,0,0,4,0,6983,0,140,100,0,0,58
754,gt_sport89,2,0,123,0,0,0,0,4,0,6983,0,140,100,0,0,59
755,gt_sport89,2,0,123,0,0,0,0,4,0,6983,0,140,100,0,0,59
756,gt_sport89,2,0,123,0,0,0,0,3,0,6983,0,140,100,0,0,59
757,gt_sport89,2,0,123,0,0,0,0,4,0,6983,0,140,100,0,0,61
758,gt_sport89,2,0,123,0,0,0,0,4,0,6983,0,140,100,0,0,63
759,gt_sport89,2,0,124,0,0,0,0,4,0,6983,0,140,100,0,0,63
760,gt_sport89,2,0,124,0,0,0,0,4,0,6983,0,140,100,0,0,63
761,gt_sport89,2,0,124,0,0,0,0,3,0,6983,0,140,100,0,0,63
762,gt_sport89,2,0,124,0,0,0,0,4,0,6983,0,140,100,0,0,65
763,gt_sport89,2,0,124,0,0,0,0,4,0,6983,0,140,100,0,0,66
764,gt_sport89,2,0,124,0,0,0,0,4,0,6983,0,140,100,0,0,66
765,gt_sport89,2,0,124,0,0,0,0,4,0,6983,0,140,100,0,0,66
766,gt_sport89,2,0,124,0,1,0,0,4,0,6983,0,140,100,0,0,66
767,gt_sport89,2,0,124,0,0,0,0,3,0,6983,0,140,100,0,0,71
768,gt_sport89,2,0,124,0,-1,0,0,3,0,6984,0,140,100,0,0,71
769,gt_sport89,2,0,125,0,0,0,0,4,0,6984,0,140,100,0,0,73
770,gt_sport89,2,0,125,0,0,0,0,4,0,6984,0,140,100,0,0,76
771,gt_sport89,2,0,125,0,0,0,0,4,0,6984,0,140,100,0,0,78
772,gt_sport89,2,0,125,0,0,0,0,4,0,6984,0,140,100,0,0,78
773,gt_sport89,2,0,125,0,0,0,0,4,0,6984,0,140,100,0,0,78
774,gt_sport89,2,0,125,0,0,0,0,4,0,6984,0,140,100,0,0,78
775,gt_sport89,2,0,125,0,0,0,0,3,0,6984,0,140,100,0,0,81
776,gt_sport89,2,0,125,0,0,0,0,4,0,6984,0,140,100,0,0,83
777,gt_sport89,2,0,125,0,0,0,0,4,0,6984,0,140,100,0,0,83
778,gt_sport89,2,0,125,0,0,0,0,3,0,6984,0,140,100,0,0,83
779,gt_sport89,2,0,125,0,0,0,0,4,0,6984,0,140,100,0,0,85
780,gt_sport89,2,0,125,0,0,0,0,4,0,6984,0,140,100,0,0,88
781,gt_sport89,2,0,125,0,0,0,0,4,0,6984,0,140,100,0,0,88
782,gt_sport89,2,0,126,0,0,0,0,4,0,6984,0,140,100,0,0,88
783,gt_sport89,2,0,126,0,0,0,0,4,0,6984,0,140,100,0,0,88
784,gt_sport89,2,0,126,0,0,0,0,3,0,6984,0,140,100,0,0,89
785,gt_sport89,2,0,126,0,0,0,0,4,0,6984,0,140,100,0,0,91
786,gt_sport89,2,0,126,0,0,0,0,4,0,6984,0,140,100,0,0,91
787,gt_sport89,2,0,126,0,0,0,0,4,0,6984,0,140,100,0,0,91
788,gt_sport89,2,0,126,0,0,0,0,4,0,6984,0,140,100,0,0,91
789,gt_sport89,2,0,126,0,0,0,0,4,0,6984,0,140,100,0,0,91
790,gt_sport89,2,0,126,0,0,0,0,3,0,6984,0,140,100,0,0,95
791,gt_sport89,2,0,126,0,-1,0,0,3,0,6985,0,140,100,0,0,95
792,gt_sport89,2,0,126,0,0,0,0,4,0,6985,0,140,100,0,0,98
793,gt_sport89,2,0,126,0,0,0,0,4,0,6985,0,140,100,0,0,100
794,gt_sport89,2,0,126,0,0,0,0,4,0,6985,0,140,100,0,0,100
795,gt_sport89,2,0,126,0,0,0,0,4,0,6985,0,140,100,0,0,100
796,gt_sport89,2,0,126,0,0,0,0,4,0,6985,0,140,100,0,0,100
797,gt_sport89,2,0,126,0,0,0,0,4,0,6985,0,140,100,0,0,100
798,gt_sport89,2,0,127,0,1,0,0,4,0,6986,0,140,100,0,0,100
799,gt_sport89,2,0,127,0,0,0,0,3,0,6986,0,140,100,0,0,100
800,gt_sport89,2,0,127,0,-1,0,0,3,0,6987,0,140,100,0,0,100
801,gt_sport89,2,0,127,0,0,0,0,4,0,6987,0,140,100,0,0,100
802,gt_sport89,2,0,127,0,0,0,0,4,0,6987,0,140,100,0,0,100
803,gt_sport89,2,0,127,0,0,0,0,4,0,6987,0,140,100,0,0,100
804,gt_sport89,2,0,127,0,0,0,0,4,0,6987,0,140,100,0,0,100
805,gt_sport89,2,0,127,0,0,0,0,4,0,6987,0,140,100,0,0,100
806,gt_sport89,2,0,127,0,0,0,0,3,0,6987,0,140,100,0,0,100
807,gt_sport89,2,0,127,0,0,0,0,4,0,6987,0,140,100,0,0,100
808,gt_sport89,2,0,127,0,0,0,0,4,0,6987,0,140,100,0,0,100
809,gt_sport89,2,0,127,0,0,0,0,4,0,6987,0,140,100,0,0,100
810,gt_sport89,2,0,127,0,0,0,0,4,0,6987,0,140,100,0,0,100
811,gt_sport89,2,0,127,0,0,0,0,3,0,6987,0,140,100,0,0,100
812,gt_sport89,2,0,127,0,-1,0,0,3,0,6988,0,140,100,0,0,100
813,gt_sport89,2,0,127,0,-1,0,0,4,0,6989,0,140,100,0,0,100
814,gt_sport89,2,-1,127,0,0,0,0,4,0,6989,0,140,100,0,0,100
815,gt_sport89,2,-1,127,0,0,0,0,4,0,6989,0,140,100,0,0,100
816,gt_sport89,2,-1,128,0,0,0,0,4,0,6989,0,140,100,0,0,100
817,gt_sport89,2,0,128,0,0,0,0,4,0,6989,0,140,100,0,0,100
818,gt_sport89,2,0,128,0,1,0,0,4,0,6989,0,140,100,0,0,100
819,gt_sport89,2,0,128,0,1,0,0,4,0,6990,0,140,100,0,0,100
820,gt_sport89,2,0,128,0,0,0,0,3,0,6990,0,140,100,0,0,100
821,gt_sport89,2,0,128,0,-1,0,0,3,0,6991,0,140,100,0,0,100
822,gt_sport89,2,0,128,0,0,0,0,4,0,6991,0,140,100,0,0,100
823,gt_sport89,2,0,128,0,0,0,0,4,0,6991,0,140,100,0,0,100
824,gt_sport89,2,0,128,0,0,0,0,4,0,6991,0,140,100,0,0,100
825,gt_sport89,2,0,128,0,0,0,0,4,0,6991,0,140,100,0,0,100
826,gt_sport89,2,0,128,0,0,0,0,4,0,6991,0,140,100,0,0,100
827,gt_sport89,2,0,128,0,0,0,0,4,0,6991,0,140,100,0,0,100
828,gt_sport89,2,0,128,0,0,0,0,3,0,6991,0,140,100,0,0,100
829,gt_sport89,2,0,128,0,-1,0,0,3,0,6992,0,140,100,0,0,100
830,gt_sport89,2,0,128,0,0,0,0,4,0,6993,0,140,100,0,0,100
831,gt_sport89,2,0,128,0,0,0,0,4,0,6993,0,140,100,0,0,100
832,gt_sport89,2,-1,128,0,0,0,0,4,0,6993,0,140,100,0,0,100
833,gt_sport89,2,0,128,0,0,0,0,4,0,6993,0,140,100,0,0,100
834,gt_sport89,2,0,128,0,0,0,0,4,0,6993,0,140,100,0,0,100
835,gt_sport89,2,0,129,0,0,0,0,4,0,6993,0,140,100,0,0,100
836,gt_sport89,2,0,129,0,1,0,0,4,0,6994,0,140,100,0,0,100
837,gt_sport89,2,0,129,0,0,0,0,3,0,6994,0,140,100,0,0,100
838,gt_sport89,2,0,129,0,-1,0,0,3,0,6995,0,140,100,0,0,100
839,gt_sport89,2,0,129,0,0,0,0,4,0,6995,0,140,100,0,0,100
840,gt_sport89,2,0,129,0,0,0,0,4,0,6995,0,140,100,0,0,100
841,gt_sport89,2,0,129,0,0,0,0,4,0,6995,0,140,100,0,0,100
842,gt_sport89,2,0,129,0,0,0,0,4,0,6995,0,140,100,0,0,100
843,gt_sport89,2,0,129,0,0,0,0,4,0,6995,0,140,100,0,0,100
844,gt_sport89,2,0,129,0,1,0,0,4,0,6996,0,140,100,0,0,100
845,gt_sport89,2,0,129,0,1,0,0,4,0,6997,0,140,100,0,0,100
846,gt_sport89,2,0,129,0,0,0,0,3,0,6997,0,140,100,0,0,100
847,gt_sport89,2,0,129,0,-1,0,0,3,0,6998,0,140,100,0,0,100
848,gt_sport89,2,0,129,0,0,0,0,4,0,6998,0,140,100,0,0,100
849,gt_sport89,2,0,129,0,0,0,0,4,0,6998,0,140,100,0,0,100
850,gt_sport89,2,0,129,0,0,0,0,4,0,6998,0,140,100,0,0,100
851,gt_sport89,2,0,129,0,0,0,0,4,0,6998,0,140,100,0,0,100
852,gt_sport89,2,0,129,0,0,0,0,4,0,6998,0,140,100,0,0,100
853,gt_sport89,2,0,129,0,0,0,0,4,0,6998,0,140,100,0,0,100
854,gt_sport89,2,0,129,0,0,0,0,3,0,6998,0,140,100,0,0,100
855,gt_sport89,2,0,129,0,-1,0,0,3,0,6999,0,140,100,0,0,100
856,gt_sport89,2,0,130,0,0,0,0,4,0,6999,0,140,100,0,0,100
857,gt_sport89,2,0,130,0,0,0,0,4,0,6999,0,140,100,0,0,100
858,gt_sport89,2,0,130,0,0,0,0,4,0,6999,0,140,100,0,0,100
859,gt_sport89,2,0,130,0,0,0,0,4,0,6999,0,140,100,0,0,100
860,gt_sport89,2,0,130,0,0,0,0,4,0,6999,0,140,100,0,0,100
861,gt_sport89,2,0,130,0,0,0,0,4,0,6999,0,140,100,0,0,100
862,gt_sport89,2,0,130,0,1,0,0,4,0,7000,0,140,100,0,0,100
863,gt_sport89,2,0,130,0,0,0,0,3,0,7000,0,140,100,0,0,100
864,gt_sport89,2,0,130,0,-1,0,0,3,0,7001,0,140,100,0,0,100
865,gt_sport89,2,0,130,0,-2,0,0,3,0,7002,0,140,100,0,0,100
866,gt_sport89,2,-1,130,0,-1,0,0,4,0,7003,0,140,100,0,0,100
867,gt_sport89,2,-1,130,0,-1,0,0,4,0,7004,0,140,100,0,0,100
868,gt_sport89,2,-1,130,0,0,0,0,4,0,7004,0,140,100,0,0,100
869,gt_sport89,2,-1,130,0,0,0,0,4,0,7004,0,140,100,0,0,100
870,gt_sport89,2,-1,130,0,0,0,0,4,0,7004,0,140,100,0,0,100
871,gt_sport89,2,-1,130,0,0,0,0,4,0,7004,0,140,100,0,0,100
872,gt_sport89,2,-1,130,0,1,0,0,4,0,7005,0,140,100,0,0,100
873,gt_sport89,2,0,130,0,1,0,0,4,0,7006,0,140,100,0,0,100
874,gt_sport89,2,0,130,0,1,0,0,4,0,7007,0,140,100,0,0,100
875,gt_sport89,2,0,130,0,0,0,0,3,0,7007,0,140,100,0,0,100
876,gt_sport89,2,0,130,0,0,0,0,3,0,7007,0,140,100,0,0,100
877,gt_sport89,2,0,131,0,-1,0,0,3,0,7008,0,140,100,0,0,100
878,gt_sport89,2,0,131,0,-1,0,0,4,0,7009,0,140,100,0,0,100
879,gt_sport89,2,-1,131,0,0,0,0,4,0,7009,0,140,100,0,0,100
880,gt_sport89,2,-1,131,0,0,0,0,4,0,7009,0,140,100,0,0,100
881,gt_sport89,2,-1,131,0,0,0,0,4,0,7009,0,140,100,0,0,100
882,gt_sport89,2,-1,131,0,0,0,0,4,0,7009,0,140,100,0,0,100
883,gt_sport89,2,0,131,0,0,0,0,4,0,7009,0,140,100,0,0,100
884,gt_sport89,2,0,131,0,1,0,0,4,0,7010,0,140,100,0,0,100
885,gt_sport89,2,0,131,0,1,0,0,4,0,7011,0,140,100,0,0,100
886,gt_sport89,2,0,131,0,0,0,0,3,0,7011,0,140,100,0,0,100
887,gt_sport89,2,0,131,0,-2,0,0,2,0,7011,0,140,100,0,0,100
888,gt_sport89,2,-1,131,0,-1,0,0,4,0,7012,0,140,100,0,0,100
889,gt_sport89,2,-1,131,0,-1,0,0,4,0,7013,0,140,100,0,0,100
890,gt_sport89,2,-1,131,0,0,0,0,4,0,7013,0,140,100,0,0,100
891,gt_sport89,2,-1,131,0,0,0,0,4,0,7013,0,140,100,0,0,100
892,gt_sport89,2,-1,131,0,0,0,0,4,0,7013,0,140,100,0,0,100
893,gt_sport89,2,-1,131,0,0,0,0,4,0,7013,0,140,100,0,0,100
894,gt_sport89,2,-1,131,0,1,0,0,4,0,7014,0,140,100,0,0,100
895,gt_sport89,2,0,131,0,1,0,0,4,0,7015,0,140,100,0,0,100
896,gt_sport89,2,0,131,0,1,0,0,4,0,7016,0,140,100,0,0,100
897,gt_sport89,2,0,131,0,1,0,0,4,0,7017,0,140,100,0,0,100
898,gt_sport89,2,0,131,0,0,0,0,2,0,7017,0,140,100,0,0,100
899,gt_sport89,2,0,132,0,-1,0,0,3,0,7018,0,140,100,0,0,100
