tick,name,pos_x,pos_y,pos_z,vel_x,vel_y,vel_z,yaw,grounded,fx_count,kudos,combo,nitro,riskboost,takedowns,skill_driver,crashbreaker,airspeed,air_lift,rotor_rpm,rotor_lift,fuel,cannon,missiles,lock,cargo,av_lock,threat,engine_dead,ctrl_loss,mission_score,medal,wing_score,shield,laser,heat
0,tie_interceptor89,0,18,15,0,0,56,0,0,2,5,1,50,0,0,0,20,0,0,0,0,9999,998,80,0,0,0,0,0,0,0,0,0,0,92,6
1,tie_interceptor89,0,18,29,0,0,53,0,0,1,10,2,50,0,0,0,39,0,0,0,0,9999,998,80,0,0,0,0,0,0,0,0,0,0,84,11
2,tie_interceptor89,0,18,42,0,0,50,0,0,1,15,3,50,1,0,0,57,0,0,0,0,9999,998,80,0,0,0,0,0,0,0,0,0,0,76,17
3,tie_interceptor89,0,18,55,0,0,47,0,0,1,20,4,50,1,0,0,74,0,0,0,0,9999,998,80,0,0,0,0,0,0,0,0,0,0,68,23
4,tie_interceptor89,0,18,66,0,0,44,0,0,2,25,5,50,1,0,0,89,0,0,0,0,9999,997,80,0,0,0,0,0,0,0,0,0,0,60,29
5,tie_interceptor89,0,18,78,0,0,41,0,0,1,30,6,51,2,0,0,100,0,0,0,0,9999,997,80,0,0,0,0,0,0,0,0,0,0,52,35
6,tie_interceptor89,0,18,88,0,0,39,0,0,1,35,7,51,2,0,0,100,0,0,0,0,9999,997,80,0,0,0,0,0,0,0,0,0,0,44,41
7,tie_interceptor89,0,18,98,0,0,37,0,0,1,45,8,51,3,0,0,100,0,0,0,0,9999,997,80,0,0,0,0,0,0,0,0,0,0,36,47
8,tie_interceptor89,0,18,108,0,0,35,0,0,2,55,9,51,3,0,0,100,0,0,0,0,9999,996,80,0,0,0,0,0,0,0,0,0,0,28,53
9,tie_interceptor89,0,18,116,0,0,33,0,0,1,65,10,51,3,0,0,100,0,0,0,0,9999,996,80,0,0,0,0,0,0,0,0,0,0,20,59
10,tie_interceptor89,0,18,125,0,0,31,0,0,1,75,11,52,4,0,0,100,0,0,0,0,9999,996,80,0,0,0,0,0,0,0,0,0,0,12,65
11,tie_interceptor89,0,18,133,0,0,29,0,0,1,85,12,52,4,0,0,100,0,0,0,0,9999,996,80,0,0,0,0,0,0,0,0,0,0,4,71
12,tie_interceptor89,0,18,140,0,0,28,0,0,1,95,13,52,4,0,0,100,0,0,0,0,9999,995,80,0,0,0,0,0,0,0,0,0,0,4,71
13,tie_interceptor89,0,18,147,0,0,26,0,0,0,105,14,52,5,0,0,100,0,0,0,0,9999,995,80,0,0,0,0,0,0,0,0,0,0,4,71
14,tie_interceptor89,0,18,154,0,0,25,0,0,0,115,15,52,5,0,0,100,0,0,0,0,9999,995,80,0,0,0,0,0,0,0,0,0,0,4,71
15,tie_interceptor89,0,18,160,0,0,23,0,0,0,130,16,53,6,0,0,100,0,0,0,0,9999,995,80,0,0,0,0,0,0,0,0,0,0,4,71
16,tie_interceptor89,0,18,166,0,0,22,0,0,0,145,17,53,6,0,0,100,0,0,0,0,9999,995,80,0,0,0,0,0,0,0,0,0,0,4,71
17,tie_interceptor89,0,18,172,0,0,21,0,0,0,160,18,53,6,0,0,100,0,0,0,0,9999,995,80,0,0,0,0,0,0,0,0,0,0,4,71
18,tie_interceptor89,0,18,177,0,0,20,0,0,0,175,19,53,7,0,0,100,0,0,0,0,9999,995,80,0,0,0,0,0,0,0,0,0,0,4,71
19,tie_interceptor89,0,18,182,0,0,19,0,0,0,190,20,53,7,0,0,100,0,0,0,0,9999,995,80,0,0,0,0,0,0,0,0,0,0,4,71
20,tie_interceptor89,0,18,187,0,0,18,0,0,0,205,21,53,7,0,0,100,0,0,0,0,9999,995,80,0,0,0,0,0,0,0,0,0,0,4,71
21,tie_interceptor89,0,18,192,0,0,17,0,0,0,220,22,54,8,0,0,100,0,0,0,0,9999,995,80,0,0,0,0,0,0,0,0,0,0,4,71
22,tie_interceptor89,0,18,196,0,0,16,0,0,0,235,23,54,8,0,0,100,0,0,0,0,9999,995,80,0,0,0,0,0,0,0,0,0,0,4,71
23,tie_interceptor89,0,18,200,0,0,15,0,0,0,255,24,54,9,0,0,100,0,0,0,0,9999,995,80,0,0,0,0,0,0,0,0,0,0,4,71
24,tie_interceptor89,0,18,204,0,0,14,0,0,0,275,25,54,9,0,0,100,0,0,0,0,9999,995,80,0,0,0,0,0,0,0,0,0,0,4,71
25,tie_interceptor89,0,18,208,0,0,14,0,0,0,295,26,54,9,0,0,100,0,0,0,0,9999,995,80,0,0,0,0,0,0,0,0,0,0,4,71
26,tie_interceptor89,0,18,212,0,0,13,0,0,0,315,27,55,10,0,0,100,0,0,0,0,9999,995,80,0,0,0,0,0,0,0,0,0,0,4,71
27,tie_interceptor89,0,18,215,0,0,12,0,0,0,335,28,55,10,0,0,100,0,0,0,0,9999,995,80,0,0,0,0,0,0,0,0,0,0,4,71
28,tie_interceptor89,0,18,218,0,0,12,0,0,0,335,28,55,10,0,0,100,0,0,0,0,9999,995,80,0,0,0,0,0,0,0,0,0,0,4,71
29,tie_interceptor89,0,18,222,0,0,11,0,0,0,335,28,55,10,0,0,100,0,0,0,0,9999,995,80,0,0,0,0,0,0,0,0,0,0,5,71
30,tie_interceptor89,0,18,225,0,0,11,0,0,0,335,28,55,10,0,0,100,0,0,0,0,9999,995,80,0,0,0,0,0,0,0,0,0,0,5,71
31,tie_interceptor89,0,18,228,0,0,10,0,0,0,335,28,56,10,0,0,100,0,0,0,0,9999,995,80,0,0,0,0,0,0,0,0,0,0,5,71
32,tie_interceptor89,0,18,230,0,0,10,0,0,0,335,28,56,10,0,0,100,0,0,0,0,9999,995,80,0,0,0,0,0,0,0,0,0,0,5,71
33,tie_interceptor89,0,18,233,0,0,9,0,0,0,335,28,56,10,0,0,100,0,0,0,0,9999,995,80,0,0,0,0,0,0,0,0,0,0,5,71
34,tie_interceptor89,0,18,236,0,0,9,0,0,1,335,28,56,10,0,0,100,0,0,0,0,9999,994,80,0,0,0,0,0,0,0,0,0,0,5,71
35,tie_interceptor89,0,18,238,0,0,9,0,0,0,335,28,56,10,0,0,100,0,0,0,0,9999,994,80,0,0,0,0,0,0,0,0,0,0,5,71
36,tie_interceptor89,0,18,240,0,0,8,0,0,0,335,28,56,10,0,0,100,0,0,0,0,9999,994,80,0,0,0,0,0,0,0,0,0,0,5,71
37,tie_interceptor89,0,18,243,0,0,8,0,0,0,335,28,57,10,0,0,100,0,0,0,0,9999,994,80,0,0,0,0,0,0,0,0,0,0,5,71
38,tie_interceptor89,0,18,245,0,0,8,0,0,1,335,28,57,10,0,0,100,0,0,0,0,9999,993,80,0,0,0,0,0,0,0,0,0,0,5,71
39,tie_interceptor89,0,18,247,0,0,7,0,0,0,335,28,57,10,0,0,100,0,0,0,0,9999,993,80,0,0,0,0,0,0,0,0,0,0,5,71
40,tie_interceptor89,0,18,249,0,0,7,0,0,0,335,28,57,10,0,0,100,0,0,0,0,9999,993,80,0,0,0,0,0,0,0,0,0,0,5,71
41,tie_interceptor89,0,18,251,0,0,7,0,0,0,335,28,57,10,0,0,100,0,0,0,0,9999,993,80,0,0,0,0,0,0,0,0,0,0,5,71
42,tie_interceptor89,0,18,253,0,0,7,0,0,1,335,28,58,10,0,0,100,0,0,0,0,9999,992,80,0,0,0,0,0,0,0,0,0,0,5,71
43,tie_interceptor89,0,18,255,0,0,7,0,0,0,335,28,58,10,0,0,100,0,0,0,0,9999,992,80,0,0,0,0,0,0,0,0,0,0,5,71
44,tie_interceptor89,0,18,257,0,0,6,0,0,0,335,28,58,10,0,0,100,0,0,0,0,9999,992,80,0,0,0,0,0,0,0,0,0,0,5,71
45,tie_interceptor89,0,18,258,0,0,6,0,0,0,335,28,58,10,0,0,100,0,0,0,0,9999,992,80,0,0,0,0,0,0,0,0,0,0,5,71
46,tie_interceptor89,0,18,260,0,0,6,0,0,1,335,28,58,10,0,0,100,0,0,0,0,9999,991,80,0,0,0,0,0,0,0,0,0,0,5,71
47,tie_interceptor89,0,18,262,0,0,6,0,0,0,335,28,59,10,0,0,100,0,0,0,0,9999,991,80,0,0,0,0,0,0,0,0,0,0,5,71
48,tie_interceptor89,0,18,263,0,0,6,0,0,0,335,28,59,10,0,0,100,0,0,0,0,9999,991,80,0,0,0,0,0,0,0,0,0,0,5,71
49,tie_interceptor89,0,18,265,0,0,5,0,0,0,335,28,59,10,0,0,100,0,0,0,0,9999,991,80,0,0,0,0,0,0,0,0,0,0,5,71
50,tie_interceptor89,0,18,267,0,0,5,0,0,0,335,28,59,10,0,0,100,0,0,0,0,9999,991,80,0,0,0,0,0,0,0,0,0,0,5,71
51,tie_interceptor89,0,18,268,0,0,5,0,0,0,335,28,59,10,0,0,100,0,0,0,0,9999,991,80,0,0,0,0,0,0,0,0,0,0,5,71
52,tie_interceptor89,0,18,270,0,0,5,0,0,0,335,28,59,10,0,0,100,0,0,0,0,9999,991,80,0,0,0,0,0,0,0,0,0,0,5,71
53,tie_interceptor89,0,18,271,0,0,5,0,0,0,335,28,60,10,0,0,100,0,0,0,0,9999,991,80,0,0,0,0,0,0,0,0,0,0,5,71
54,tie_interceptor89,0,18,272,0,0,5,0,0,0,335,28,60,10,0,0,100,0,0,0,0,9999,991,80,0,0,0,0,0,0,0,0,0,0,5,71
55,tie_interceptor89,0,18,274,0,0,5,0,0,0,335,28,60,10,0,0,100,0,0,0,0,9999,991,80,0,0,0,0,0,0,0,0,0,0,5,71
56,tie_interceptor89,0,18,275,0,0,5,0,0,0,335,28,60,10,0,0,100,0,0,0,0,9999,991,80,0,0,0,0,0,0,0,0,0,0,5,71
57,tie_interceptor89,0,18,277,0,0,5,0,0,0,335,28,60,10,0,0,100,0,0,0,0,9999,991,80,0,0,0,0,0,0,0,0,0,0,6,71
58,tie_interceptor89,0,18,278,0,0,4,0,0,0,335,28,61,10,0,0,100,0,0,0,0,9999,991,80,0,0,0,0,0,0,0,0,0,0,6,71
59,tie_interceptor89,0,18,279,0,0,4,0,0,0,335,28,61,10,0,0,100,0,0,0,0,9999,991,80,0,0,0,0,0,0,0,0,0,0,6,71
60,tie_interceptor89,0,18,280,0,0,4,0,0,0,335,28,61,10,0,0,100,0,0,0,0,9999,991,80,0,0,0,0,0,0,0,0,0,0,6,71
61,tie_interceptor89,0,18,282,0,0,4,0,0,0,335,28,61,10,0,0,100,0,0,0,0,9999,991,80,0,0,0,0,0,0,0,0,0,0,6,71
62,tie_interceptor89,0,18,283,0,0,4,0,0,0,335,28,61,10,0,0,100,0,0,0,0,9999,991,80,0,0,0,0,0,0,0,0,0,0,6,71
63,tie_interceptor89,0,18,284,0,0,4,0,0,0,335,28,62,10,0,0,100,0,0,0,0,9999,991,80,0,0,0,0,0,0,0,0,0,0,6,71
64,tie_interceptor89,0,18,285,0,0,4,0,0,0,335,28,62,10,0,0,100,0,0,0,0,9999,991,80,0,0,0,0,0,0,0,0,0,0,6,71
65,tie_interceptor89,0,18,287,0,0,4,0,0,0,335,28,62,10,0,0,100,0,0,0,0,9999,991,80,0,0,0,0,0,0,0,0,0,0,6,71
66,tie_interceptor89,0,18,288,0,0,4,0,0,0,335,28,62,10,0,0,100,0,0,0,0,9999,991,80,0,0,0,0,0,0,0,0,0,0,6,71
67,tie_interceptor89,0,18,289,0,0,4,0,0,0,335,28,62,10,0,0,100,0,0,0,0,9999,991,80,0,0,0,0,0,0,0,0,0,0,6,71
68,tie_interceptor89,0,18,290,0,0,4,0,0,1,335,28,62,10,0,0,100,0,0,0,0,9999,990,80,0,0,0,0,0,0,0,0,0,0,6,71
69,tie_interceptor89,0,18,291,0,0,4,0,0,0,335,28,63,10,0,0,100,0,0,0,0,9999,990,80,0,0,0,0,0,0,0,0,0,0,6,71
70,tie_interceptor89,0,18,292,0,0,4,0,0,0,335,28,63,10,0,0,100,0,0,0,0,9999,990,80,0,0,0,0,0,0,0,0,0,0,6,71
71,tie_interceptor89,0,18,294,0,0,4,0,0,0,335,28,63,10,0,0,100,0,0,0,0,9999,990,80,0,0,0,0,0,0,0,0,0,0,6,71
72,tie_interceptor89,0,18,295,0,0,4,0,0,1,335,28,63,10,0,0,100,0,0,0,0,9999,989,80,0,0,0,0,0,0,0,0,0,0,6,71
73,tie_interceptor89,0,18,296,0,0,4,0,0,0,335,28,63,10,0,0,100,0,0,0,0,9999,989,80,0,0,0,0,0,0,0,0,0,0,6,71
74,tie_interceptor89,0,18,297,0,0,4,0,0,0,335,28,64,10,0,0,100,0,0,0,0,9999,989,80,0,0,0,0,0,0,0,0,0,0,6,71
75,tie_interceptor89,0,18,298,0,0,4,0,0,0,335,28,64,10,0,0,100,0,0,0,0,9999,989,80,0,0,0,0,0,0,0,0,0,0,6,71
76,tie_interceptor89,0,18,299,0,0,4,0,0,1,335,28,64,10,0,0,100,0,0,0,0,9999,988,80,0,0,0,0,0,0,0,0,0,0,6,71
77,tie_interceptor89,0,18,300,0,0,4,0,0,0,335,28,64,10,0,0,100,0,0,0,0,9999,988,80,0,0,0,0,0,0,0,0,0,0,6,71
78,tie_interceptor89,0,18,301,0,0,4,0,0,0,335,28,64,10,0,0,100,0,0,0,0,9999,988,80,0,0,0,0,0,0,0,0,0,0,6,71
79,tie_interceptor89,0,18,302,0,0,4,0,0,0,335,28,65,10,0,0,100,0,0,0,0,9999,988,80,0,0,0,0,0,0,0,0,0,0,6,71
80,tie_interceptor89,0,18,303,0,0,4,0,0,1,335,28,65,10,0,0,100,0,0,0,0,9999,987,80,0,0,0,0,0,0,0,0,0,0,6,71
81,tie_interceptor89,0,18,304,0,0,4,0,0,0,335,28,65,10,0,0,100,0,0,0,0,9999,987,80,0,0,0,0,0,0,0,0,0,0,6,71
82,tie_interceptor89,0,18,306,0,0,3,0,0,0,335,28,65,10,0,0,100,0,0,0,0,9999,987,80,0,0,0,0,0,0,0,0,0,0,6,71
83,tie_interceptor89,0,18,307,0,0,3,0,0,0,335,28,65,10,0,0,100,0,0,0,0,9999,987,80,0,0,0,0,0,0,0,0,0,0,6,71
84,tie_interceptor89,0,18,308,0,0,3,0,0,0,335,28,65,10,0,0,100,0,0,0,0,9999,987,80,0,0,0,0,0,0,0,0,0,0,6,71
85,tie_interceptor89,0,18,309,0,0,3,0,0,0,335,28,66,10,0,0,100,0,0,0,0,9999,987,80,0,0,0,0,0,0,0,0,0,0,7,71
86,tie_interceptor89,0,18,310,0,0,3,0,0,0,335,28,66,10,0,0,100,0,0,0,0,9999,987,80,0,0,0,0,0,0,0,0,0,0,7,71
87,tie_interceptor89,0,18,311,0,0,3,0,0,0,335,28,66,10,0,0,100,0,0,0,0,9999,987,80,0,0,0,0,0,0,0,0,0,0,7,71
88,tie_interceptor89,0,18,312,0,0,3,0,0,0,335,28,66,10,0,0,100,0,0,0,0,9999,987,80,0,0,0,0,0,0,0,0,0,0,7,71
89,tie_interceptor89,0,18,313,0,0,3,0,0,0,335,28,66,10,0,0,100,0,0,0,0,9999,987,80,0,0,0,0,0,0,0,0,0,0,7,71
90,tie_interceptor89,0,18,314,0,0,3,0,0,0,335,28,67,10,0,0,100,0,0,0,0,9999,987,80,0,0,0,40,0,0,0,0,0,0,7,71
91,tie_interceptor89,0,18,315,0,0,4,0,0,1,335,0,66,9,0,0,100,0,0,0,0,9999,987,80,0,0,0,40,0,0,0,0,0,0,7,71
92,tie_interceptor89,0,18,316,0,0,4,0,0,1,335,0,65,8,0,0,100,0,0,0,0,9999,987,80,0,0,0,40,0,0,0,0,0,0,7,71
93,tie_interceptor89,0,18,317,0,0,4,0,0,1,335,0,65,7,0,0,100,0,0,0,0,9999,987,80,0,0,0,40,0,0,0,0,0,0,7,71
94,tie_interceptor89,0,18,319,0,0,4,0,0,1,335,0,64,6,0,0,100,0,0,0,0,9999,987,80,0,0,0,40,0,0,0,0,0,0,7,71
95,tie_interceptor89,0,18,320,0,0,5,0,0,1,335,0,63,5,0,0,100,0,0,0,0,9999,987,80,0,0,0,40,0,0,0,0,0,0,7,71
96,tie_interceptor89,0,18,322,0,0,5,0,0,2,335,0,62,4,0,0,100,0,0,0,0,9999,987,80,0,0,0,40,0,0,0,0,0,0,7,71
97,tie_interceptor89,0,18,323,0,0,5,0,0,1,335,0,62,3,0,0,100,0,0,0,0,9999,987,80,0,0,0,40,0,0,0,0,0,0,7,71
98,tie_interceptor89,0,18,325,0,0,5,0,0,1,335,0,61,2,0,0,100,0,0,0,0,9999,987,80,0,0,0,40,0,0,0,0,0,0,7,71
99,tie_interceptor89,0,18,326,0,0,5,0,0,1,335,0,60,1,0,0,100,0,0,0,0,9999,987,80,0,0,0,40,0,0,0,0,0,0,7,71
100,tie_interceptor89,0,18,328,0,0,6,0,0,1,335,0,60,0,0,0,100,0,0,0,0,9999,987,80,0,0,0,40,0,0,0,0,0,0,7,71
101,tie_interceptor89,0,18,330,0,0,6,0,0,1,335,0,59,0,0,0,100,0,0,0,0,9999,987,80,0,0,0,40,0,0,0,0,0,0,7,71
102,tie_interceptor89,0,18,331,0,0,6,0,0,2,335,0,58,0,0,0,100,0,0,0,0,9999,986,80,0,0,0,40,0,0,0,0,0,0,7,71
103,tie_interceptor89,0,18,333,0,0,6,0,0,1,335,0,58,0,0,0,100,0,0,0,0,9999,986,80,0,0,0,40,0,0,0,0,0,0,7,71
104,tie_interceptor89,0,18,335,0,0,6,0,0,1,335,0,57,0,0,0,100,0,0,0,0,9999,986,80,0,0,0,40,0,0,0,0,0,0,7,71
105,tie_interceptor89,0,18,337,0,0,6,0,0,1,335,0,56,0,0,0,100,0,0,0,0,9999,986,80,0,0,0,40,0,0,0,0,0,0,7,71
106,tie_interceptor89,0,18,338,0,0,6,0,0,2,335,0,56,0,0,0,100,0,0,0,0,9999,985,80,0,0,0,40,0,0,0,0,0,0,7,71
107,tie_interceptor89,0,18,340,0,0,6,0,0,1,335,0,55,0,0,0,100,0,0,0,0,9999,985,80,0,0,0,40,0,0,0,0,0,0,7,71
108,tie_interceptor89,0,18,342,0,0,6,0,0,1,335,0,54,0,0,0,100,0,0,0,0,9999,985,80,0,0,0,40,0,0,0,0,0,0,7,71
109,tie_interceptor89,0,18,344,0,0,6,0,0,1,335,0,54,0,0,0,100,0,0,0,0,9999,985,80,0,0,0,40,0,0,0,0,0,0,7,71
110,tie_interceptor89,0,18,346,0,0,7,0,0,2,335,0,53,0,0,0,100,0,0,0,0,9999,984,80,0,0,0,40,0,0,0,0,0,0,7,71
111,tie_interceptor89,0,18,348,0,0,7,0,0,1,335,0,52,0,0,0,100,0,0,0,0,9999,984,80,0,0,0,40,0,0,0,0,0,0,7,71
112,tie_interceptor89,0,18,350,0,0,7,0,0,2,335,0,51,0,0,0,100,0,0,0,0,9999,984,80,0,0,0,40,0,0,0,0,0,0,7,71
113,tie_interceptor89,0,18,351,0,0,7,0,0,1,335,0,51,0,0,0,100,0,0,0,0,9999,984,80,0,0,0,40,0,0,0,0,0,0,7,71
114,tie_interceptor89,0,18,353,0,0,7,0,0,2,335,0,50,0,0,0,100,0,0,0,0,9999,983,80,0,0,0,40,0,0,0,0,0,0,7,71
115,tie_interceptor89,0,18,355,0,0,7,0,0,1,335,0,49,0,0,0,100,0,0,0,0,9999,983,80,0,0,0,40,0,0,0,0,0,0,7,71
116,tie_interceptor89,0,18,357,0,0,7,0,0,1,335,0,49,0,0,0,100,0,0,0,0,9999,983,80,0,0,0,40,0,0,0,0,0,0,7,71
117,tie_interceptor89,0,18,359,0,0,7,0,0,1,335,0,48,0,0,0,100,0,0,0,0,9999,983,80,0,0,0,40,0,0,0,0,0,0,7,71
118,tie_interceptor89,0,18,361,0,0,7,0,0,1,335,0,47,0,0,0,100,0,0,0,0,9999,983,80,0,0,0,40,0,0,0,0,0,0,7,71
119,tie_interceptor89,0,18,363,0,0,7,0,0,1,335,0,47,0,0,0,100,0,0,0,0,9999,983,80,0,0,0,40,0,0,0,0,0,0,7,71
120,tie_interceptor89,0,18,365,0,0,7,0,0,1,335,0,46,0,0,0,100,0,0,0,0,9999,983,80,0,0,0,40,0,0,0,0,0,0,8,71
121,tie_interceptor89,0,18,367,0,0,7,0,0,1,335,0,45,0,0,0,100,0,0,0,0,9999,983,80,0,0,0,40,0,0,0,0,0,0,8,71
122,tie_interceptor89,0,18,369,0,0,7,0,0,1,335,0,45,0,0,0,100,0,0,0,0,9999,983,80,0,0,0,40,0,0,0,0,0,0,8,71
123,tie_interceptor89,0,18,371,0,0,7,0,0,1,335,0,44,0,0,0,100,0,0,0,0,9999,983,80,0,0,0,40,0,0,0,0,0,0,8,71
124,tie_interceptor89,0,18,373,0,0,7,0,0,1,335,0,43,0,0,0,100,0,0,0,0,9999,983,80,0,0,0,40,0,0,0,0,0,0,8,71
125,tie_interceptor89,0,18,375,0,0,7,0,0,1,335,0,43,0,0,0,100,0,0,0,0,9999,983,80,0,0,0,40,0,0,0,0,0,0,8,71
126,tie_interceptor89,0,18,377,0,0,7,0,0,1,335,0,42,0,0,0,100,0,0,0,0,9999,983,80,0,0,0,40,0,0,0,0,0,0,8,71
127,tie_interceptor89,0,18,379,0,0,7,0,0,1,335,0,41,0,0,0,100,0,0,0,0,9999,983,80,0,0,0,40,0,0,0,0,0,0,8,71
128,tie_interceptor89,0,18,381,0,0,7,0,0,2,335,0,40,0,0,0,100,0,0,0,0,9999,983,80,0,0,0,40,0,0,0,0,0,0,8,71
129,tie_interceptor89,0,18,383,0,0,7,0,0,1,335,0,40,0,0,0,100,0,0,0,0,9999,983,80,0,0,0,40,0,0,0,0,0,0,8,70
130,tie_interceptor89,0,18,385,0,0,7,0,0,1,335,0,39,0,0,0,100,0,0,0,0,9999,983,80,0,0,0,40,0,0,0,0,0,0,8,70
131,tie_interceptor89,0,18,387,0,0,7,0,0,1,335,0,38,0,0,0,100,0,0,0,0,9999,983,80,0,0,0,40,0,0,0,0,0,0,8,70
132,tie_interceptor89,0,18,390,0,0,7,0,0,1,335,0,38,0,0,0,100,0,0,0,0,9999,983,80,0,0,0,40,0,0,0,0,0,0,8,70
133,tie_interceptor89,0,18,392,0,0,7,0,0,1,335,0,37,0,0,0,100,0,0,0,0,9999,983,80,0,0,0,40,0,0,0,0,0,0,8,70
134,tie_interceptor89,0,18,394,0,0,7,0,0,1,335,0,36,0,0,0,100,0,0,0,0,9999,983,80,0,0,0,40,0,0,0,0,0,0,8,70
135,tie_interceptor89,0,18,396,0,0,7,0,0,1,335,0,36,0,0,0,100,0,0,0,0,9999,983,80,0,0,0,40,0,0,0,0,0,0,8,70
136,tie_interceptor89,0,18,398,0,0,7,0,0,3,335,0,35,0,0,0,100,0,0,0,0,9999,982,80,0,0,0,40,0,0,0,0,0,0,0,76
137,tie_interceptor89,0,18,400,0,0,7,0,0,1,335,0,34,0,0,0,100,0,0,0,0,9999,982,80,0,0,0,40,0,0,0,0,0,0,0,76
138,tie_interceptor89,0,18,402,0,0,7,0,0,1,335,0,34,0,0,0,100,0,0,0,0,9999,982,80,0,0,0,40,0,0,0,0,0,0,0,76
139,tie_interceptor89,0,18,404,0,0,7,0,0,1,335,0,33,0,0,0,100,0,0,0,0,9999,982,80,0,0,0,40,0,0,0,0,0,0,0,76
140,tie_interceptor89,0,18,406,0,0,7,0,0,2,335,0,32,0,0,0,100,0,0,0,0,9999,981,80,0,0,0,40,0,0,0,0,0,0,0,76
141,tie_interceptor89,0,18,408,0,0,7,0,0,1,335,0,32,0,0,0,100,0,0,0,0,9999,981,80,0,0,0,40,0,0,0,0,0,0,0,76
142,tie_interceptor89,0,18,410,0,0,7,0,0,1,335,0,31,0,0,0,100,0,0,0,0,9999,981,80,0,0,0,40,0,0,0,0,0,0,0,76
143,tie_interceptor89,0,18,412,0,0,7,0,0,1,335,0,30,0,0,0,100,0,0,0,0,9999,981,80,0,0,0,40,0,0,0,0,0,0,0,76
144,tie_interceptor89,0,18,414,0,0,7,0,0,3,335,0,29,0,0,0,100,0,0,0,0,9999,980,80,0,0,0,40,0,0,0,0,0,0,0,76
145,tie_interceptor89,0,18,417,0,0,7,0,0,1,335,0,29,0,0,0,100,0,0,0,0,9999,980,80,0,0,0,40,0,0,0,0,0,0,0,76
146,tie_interceptor89,0,18,419,0,0,7,0,0,1,335,0,28,0,0,0,100,0,0,0,0,9999,980,80,0,0,0,40,0,0,0,0,0,0,0,76
147,tie_interceptor89,0,18,421,0,0,7,0,0,1,335,0,27,0,0,0,100,0,0,0,0,9999,980,80,0,0,0,40,0,0,0,0,0,0,0,76
148,tie_interceptor89,0,18,423,0,0,7,0,0,2,335,0,27,0,0,0,100,0,0,0,0,9999,979,80,0,0,0,40,0,0,0,0,0,0,0,76
149,tie_interceptor89,0,18,425,0,0,7,0,0,1,335,0,26,0,0,0,100,0,0,0,0,9999,979,80,0,0,0,40,0,0,0,0,0,0,0,76
150,tie_interceptor89,0,18,427,0,0,7,0,0,1,335,0,25,0,0,0,100,0,0,0,0,9999,979,80,0,0,0,40,0,0,0,0,0,0,0,76
151,tie_interceptor89,0,18,429,0,0,7,0,0,1,335,0,25,0,0,0,100,0,0,0,0,9999,979,80,0,0,0,40,0,0,0,0,0,0,0,76
152,tie_interceptor89,0,18,431,0,0,7,0,0,1,335,0,24,0,0,0,100,0,0,0,0,9999,979,80,0,0,0,40,0,0,0,0,0,0,0,76
153,tie_interceptor89,0,18,433,0,0,7,0,0,1,335,0,23,0,0,0,100,0,0,0,0,9999,979,80,0,0,0,40,0,0,0,0,0,0,0,76
154,tie_interceptor89,0,18,435,0,0,7,0,0,1,335,0,23,0,0,0,100,0,0,0,0,9999,979,80,0,0,0,40,0,0,0,0,0,0,0,76
155,tie_interceptor89,0,18,438,0,0,7,0,0,1,335,0,22,0,0,0,100,0,0,0,0,9999,979,80,0,0,0,40,0,0,0,0,0,0,0,76
156,tie_interceptor89,0,18,440,0,0,7,0,0,1,335,0,21,0,0,0,100,0,0,0,0,9999,979,80,0,0,0,40,0,0,0,0,0,0,0,76
157,tie_interceptor89,0,18,442,0,0,7,0,0,1,335,0,21,0,0,0,100,0,0,0,0,9999,979,80,0,0,0,40,0,0,0,0,0,0,1,76
158,tie_interceptor89,0,18,444,0,0,7,0,0,1,335,0,20,0,0,0,100,0,0,0,0,9999,979,80,0,0,0,40,0,0,0,0,0,0,1,76
159,tie_interceptor89,0,18,446,0,0,7,0,0,1,335,0,19,0,0,0,100,0,0,0,0,9999,979,80,0,0,0,40,0,0,0,0,0,0,1,76
160,tie_interceptor89,0,18,448,0,0,7,0,0,2,335,0,18,0,0,0,100,0,0,0,0,9999,979,80,0,0,0,40,0,0,0,0,0,0,1,76
161,tie_interceptor89,0,18,450,0,0,7,0,0,1,335,0,18,0,0,0,100,0,0,0,0,9999,979,80,0,0,0,40,0,0,0,0,0,0,1,76
162,tie_interceptor89,0,18,452,0,0,7,0,0,1,335,0,17,0,0,0,100,0,0,0,0,9999,979,80,0,0,0,40,0,0,0,0,0,0,1,76
163,tie_interceptor89,0,18,454,0,0,7,0,0,1,335,0,16,0,0,0,100,0,0,0,0,9999,979,80,0,0,0,40,0,0,0,0,0,0,1,76
164,tie_interceptor89,0,18,456,0,0,7,0,0,1,335,0,16,0,0,0,100,0,0,0,0,9999,979,80,0,0,0,40,0,0,0,0,0,0,1,76
165,tie_interceptor89,0,18,459,0,0,7,0,0,1,335,0,15,0,0,0,100,0,0,0,0,9999,979,80,0,0,0,40,0,0,0,0,0,0,1,76
166,tie_interceptor89,0,18,461,0,0,7,0,0,1,335,0,14,0,0,0,100,0,0,0,0,9999,979,80,0,0,0,40,0,0,0,0,0,0,1,76
167,tie_interceptor89,0,18,463,0,0,7,0,0,1,335,0,14,0,0,0,100,0,0,0,0,9999,979,80,0,0,0,40,0,0,0,0,0,0,1,76
168,tie_interceptor89,0,18,465,0,0,7,0,0,1,335,0,13,0,0,0,100,0,0,0,0,9999,979,80,0,0,0,40,0,0,0,0,0,0,1,76
169,tie_interceptor89,0,18,467,0,0,7,0,0,1,335,0,12,0,0,0,100,0,0,0,0,9999,979,80,0,0,0,40,0,0,0,0,0,0,1,76
170,tie_interceptor89,0,18,469,0,0,7,0,0,2,335,0,12,0,0,0,100,0,0,0,0,9999,978,80,0,0,0,40,0,0,0,0,0,0,1,76
171,tie_interceptor89,0,18,471,0,0,7,0,0,1,335,0,11,0,0,0,100,0,0,0,0,9999,978,80,0,0,0,40,0,0,0,0,0,0,1,76
172,tie_interceptor89,0,18,473,0,0,7,0,0,1,335,0,10,0,0,0,100,0,0,0,0,9999,978,80,0,0,0,40,0,0,0,0,0,0,1,76
173,tie_interceptor89,0,18,475,0,0,7,0,0,1,335,0,10,0,0,0,100,0,0,0,0,9999,978,80,0,0,0,40,0,0,0,0,0,0,1,76
174,tie_interceptor89,0,18,478,0,0,7,0,0,2,335,0,9,0,0,0,100,0,0,0,0,9999,977,80,0,0,0,40,0,0,0,0,0,0,1,76
175,tie_interceptor89,0,18,480,0,0,7,0,0,1,335,0,8,0,0,0,100,0,0,0,0,9999,977,80,0,0,0,40,0,0,0,0,0,0,1,76
176,tie_interceptor89,0,18,482,0,0,7,0,0,2,335,0,7,0,0,0,100,0,0,0,0,9999,977,80,0,0,0,40,0,0,0,0,0,0,1,76
177,tie_interceptor89,0,18,484,0,0,7,0,0,1,335,0,7,0,0,0,100,0,0,0,0,9999,977,80,0,0,0,40,0,0,0,0,0,0,1,76
178,tie_interceptor89,0,18,486,0,0,7,0,0,2,335,0,6,0,0,0,100,0,0,0,0,9999,976,80,0,0,0,40,0,0,0,0,0,0,1,76
179,tie_interceptor89,0,18,488,0,0,7,0,0,1,335,0,5,0,0,0,100,0,0,0,0,9999,976,80,0,0,0,40,0,0,0,0,0,0,1,76
180,tie_interceptor89,0,18,490,0,0,7,0,0,1,335,0,5,0,0,0,100,0,0,0,0,9999,976,80,0,0,0,39,0,0,0,0,0,0,1,76
181,tie_interceptor89,0,18,492,0,0,7,0,0,1,335,0,4,0,0,0,100,0,0,0,0,9999,976,80,0,0,0,38,0,0,0,0,0,0,1,76
182,tie_interceptor89,0,18,494,0,0,7,0,0,2,335,0,3,0,0,0,100,0,0,0,0,9999,975,80,0,0,0,37,0,0,0,0,0,0,1,76
183,tie_interceptor89,0,18,497,0,0,7,0,0,1,335,0,3,0,0,0,100,0,0,0,0,9999,975,80,0,0,0,36,0,0,0,0,0,0,1,76
184,tie_interceptor89,0,18,499,0,0,7,0,0,1,335,0,2,0,0,0,100,0,0,0,0,9999,975,80,0,0,0,35,0,0,0,0,0,0,1,76
185,tie_interceptor89,0,18,501,0,0,7,0,0,1,335,0,1,0,0,0,100,0,0,0,0,9999,975,80,0,0,0,34,0,0,0,0,0,0,1,76
186,tie_interceptor89,0,18,503,0,0,7,0,0,1,335,0,1,0,0,0,100,0,0,0,0,9999,975,80,0,0,0,33,0,0,0,0,0,0,1,76
187,tie_interceptor89,0,18,505,0,0,7,0,0,1,335,0,0,0,0,0,100,0,0,0,0,9999,975,80,0,0,0,32,0,0,0,0,0,0,1,76
188,tie_interceptor89,0,18,507,0,0,7,0,0,1,335,0,0,0,0,0,100,0,0,0,0,9999,975,80,0,0,0,31,0,0,0,0,0,0,1,76
189,tie_interceptor89,0,18,509,0,0,7,0,0,0,335,0,0,0,0,0,100,0,0,0,0,9999,975,80,0,0,0,30,0,0,0,0,0,0,1,76
190,tie_interceptor89,0,18,511,0,0,7,0,0,0,335,0,0,0,0,0,100,0,0,0,0,9999,975,80,0,0,0,29,0,0,0,0,0,0,1,76
191,tie_interceptor89,0,18,513,0,0,7,0,0,0,335,0,0,0,0,0,100,0,0,0,0,9999,975,80,0,0,0,28,0,0,0,0,0,0,1,76
192,tie_interceptor89,0,18,515,0,0,7,0,0,1,335,0,0,0,0,0,100,0,0,0,0,9999,975,80,0,0,0,27,0,0,0,0,0,0,1,76
193,tie_interceptor89,0,18,517,0,0,6,0,0,0,335,0,0,0,0,0,100,0,0,0,0,9999,975,80,0,0,0,26,0,0,0,0,0,0,2,76
194,tie_interceptor89,0,18,519,0,0,6,0,0,0,335,0,1,0,0,0,100,0,0,0,0,9999,975,80,0,0,0,25,0,0,0,0,0,0,2,76
195,tie_interceptor89,0,18,520,0,0,6,0,0,0,335,0,1,0,0,0,100,0,0,0,0,9999,975,80,0,0,0,24,0,0,0,0,0,0,2,76
196,tie_interceptor89,0,18,522,0,0,6,0,0,0,335,0,1,0,0,0,100,0,0,0,0,9999,975,80,0,0,0,23,0,0,0,0,0,0,2,76
197,tie_interceptor89,0,18,524,0,0,6,0,0,0,335,0,1,0,0,0,100,0,0,0,0,9999,975,80,0,0,0,22,0,0,0,0,0,0,2,76
198,tie_interceptor89,0,18,525,0,0,6,0,0,0,335,0,1,0,0,0,100,0,0,0,0,9999,975,80,0,0,0,21,0,0,0,0,0,0,2,76
199,tie_interceptor89,0,18,527,0,0,5,0,0,0,335,0,2,0,0,0,100,0,0,0,0,9999,975,80,0,0,0,20,0,0,0,0,0,0,2,76
200,tie_interceptor89,0,18,528,0,0,5,0,0,0,335,0,2,0,0,0,100,0,0,0,0,9999,975,80,0,0,0,19,0,0,0,0,0,0,2,76
201,tie_interceptor89,0,18,530,0,0,5,0,0,0,335,0,2,0,0,0,100,0,0,0,0,9999,975,80,0,0,0,18,0,0,0,0,0,0,2,76
202,tie_interceptor89,0,18,531,0,0,5,0,0,0,335,0,2,0,0,0,100,0,0,0,0,9999,975,80,0,0,0,17,0,0,0,0,0,0,2,76
203,tie_interceptor89,0,18,533,0,0,5,0,0,0,335,0,2,0,0,0,100,0,0,0,0,9999,975,80,0,0,0,16,0,0,0,0,0,0,2,76
204,tie_interceptor89,0,18,534,0,0,5,0,0,1,335,0,3,0,0,0,100,0,0,0,0,9999,974,80,0,0,0,15,0,0,0,0,0,0,2,76
205,tie_interceptor89,0,18,536,0,0,5,0,0,0,335,0,3,0,0,0,100,0,0,0,0,9999,974,80,0,0,0,14,0,0,0,0,0,0,2,76
206,tie_interceptor89,0,18,537,0,0,5,0,0,0,335,0,3,0,0,0,100,0,0,0,0,9999,974,80,0,0,0,13,0,0,0,0,0,0,2,76
207,tie_interceptor89,0,18,538,0,0,5,0,0,0,335,0,3,0,0,0,100,0,0,0,0,9999,974,80,0,0,0,12,0,0,0,0,0,0,2,76
208,tie_interceptor89,0,18,540,0,0,4,0,0,2,335,0,3,0,0,0,100,0,0,0,0,9999,973,80,0,0,0,11,0,0,0,0,0,0,2,76
209,tie_interceptor89,0,18,541,0,0,4,0,0,0,335,0,3,0,0,0,100,0,0,0,0,9999,973,80,0,0,0,10,0,0,0,0,0,0,2,76
210,tie_interceptor89,0,18,542,0,0,4,0,0,0,335,0,4,0,0,0,100,0,0,0,0,9999,973,80,0,0,0,9,0,0,0,0,0,0,2,76
211,tie_interceptor89,0,18,544,0,0,4,0,0,0,335,0,4,0,0,0,100,0,0,0,0,9999,973,80,0,0,0,8,0,0,0,0,0,0,2,76
212,tie_interceptor89,0,18,545,0,0,4,0,0,1,335,0,4,0,0,0,100,0,0,0,0,9999,972,80,0,0,0,7,0,0,0,0,0,0,2,76
213,tie_interceptor89,0,18,546,0,0,4,0,0,0,335,0,4,0,0,0,100,0,0,0,0,9999,972,80,0,0,0,6,0,0,0,0,0,0,2,76
214,tie_interceptor89,0,18,547,0,0,4,0,0,0,335,0,4,0,0,0,100,0,0,0,0,9999,972,80,0,0,0,5,0,0,0,0,0,0,2,76
215,tie_interceptor89,0,18,548,0,0,4,0,0,0,335,0,5,0,0,0,100,0,0,0,0,9999,972,80,0,0,0,4,0,0,0,0,0,0,2,76
216,tie_interceptor89,0,18,550,0,0,4,0,0,1,335,0,5,0,0,0,100,0,0,0,0,9999,971,80,0,0,0,3,0,0,0,0,0,0,2,76
217,tie_interceptor89,0,18,551,0,0,4,0,0,0,335,0,5,0,0,0,100,0,0,0,0,9999,971,80,0,0,0,2,0,0,0,0,0,0,2,76
218,tie_interceptor89,0,18,552,0,0,4,0,0,0,335,0,5,0,0,0,100,0,0,0,0,9999,971,80,0,0,0,1,0,0,0,0,0,0,2,76
219,tie_interceptor89,0,18,553,0,0,4,0,0,0,335,0,5,0,0,0,100,0,0,0,0,9999,971,80,0,0,0,0,0,0,0,0,0,0,2,76
220,tie_interceptor89,0,18,554,0,0,4,0,0,0,335,0,6,0,0,0,100,0,0,0,0,9999,971,80,0,0,0,0,0,0,0,0,0,0,2,76
221,tie_interceptor89,0,18,555,0,0,4,0,0,0,335,0,6,0,0,0,100,0,0,0,0,9999,971,80,0,0,0,0,0,0,0,0,0,0,3,76
222,tie_interceptor89,0,18,556,0,0,4,0,0,0,335,0,6,0,0,0,100,0,0,0,0,9999,971,80,0,0,0,0,0,0,0,0,0,0,3,76
223,tie_interceptor89,0,18,558,0,0,4,0,0,0,335,0,6,0,0,0,100,0,0,0,0,9999,971,80,0,0,0,0,0,0,0,0,0,0,3,76
224,tie_interceptor89,0,18,559,0,0,4,0,0,0,335,0,6,0,0,0,100,0,0,0,0,9999,971,80,0,0,0,0,0,0,0,0,0,0,3,76
225,tie_interceptor89,0,18,560,0,0,4,0,0,0,335,0,6,0,0,0,100,0,0,0,0,9999,971,80,0,0,0,0,0,0,0,0,0,0,3,76
226,tie_interceptor89,0,18,561,0,0,4,0,0,0,335,0,7,0,0,0,100,0,0,0,0,9999,971,80,0,0,0,0,0,0,0,0,0,0,3,76
227,tie_interceptor89,0,18,562,0,0,4,0,0,0,335,0,7,0,0,0,100,0,0,0,0,9999,971,80,0,0,0,0,0,0,0,0,0,0,3,76
228,tie_interceptor89,0,18,563,0,0,4,0,0,0,335,0,7,0,0,0,100,0,0,0,0,9999,971,80,0,0,0,0,0,0,0,0,0,0,3,76
229,tie_interceptor89,0,18,564,0,0,4,0,0,0,335,0,7,0,0,0,100,0,0,0,0,9999,971,80,0,0,0,0,0,0,0,0,0,0,3,76
230,tie_interceptor89,0,18,565,0,0,4,0,0,0,335,0,7,0,0,0,100,0,0,0,0,9999,971,80,0,0,0,0,0,0,0,0,0,0,3,76
231,tie_interceptor89,0,18,566,0,0,3,0,0,0,335,0,8,0,0,0,100,0,0,0,0,9999,971,80,0,0,0,0,0,0,0,0,0,0,3,76
232,tie_interceptor89,0,18,567,0,0,3,0,0,0,335,0,8,0,0,0,100,0,0,0,0,9999,971,80,0,0,0,0,0,0,0,0,0,0,3,76
233,tie_interceptor89,0,18,568,0,0,3,0,0,0,335,0,8,0,0,0,100,0,0,0,0,9999,971,80,0,0,0,0,0,0,0,0,0,0,3,76
234,tie_interceptor89,0,18,569,0,0,3,0,0,0,335,0,8,0,0,0,100,0,0,0,0,9999,971,80,0,0,0,0,0,0,0,0,0,0,3,76
235,tie_interceptor89,0,18,570,0,0,3,0,0,0,335,0,8,0,0,0,100,0,0,0,0,9999,971,80,0,0,0,0,0,0,0,0,0,0,3,76
236,tie_interceptor89,0,18,571,0,0,3,0,0,0,335,0,9,0,0,0,100,0,0,0,0,9999,971,80,0,0,0,0,0,0,0,0,0,0,3,76
237,tie_interceptor89,0,18,573,0,0,3,0,0,0,335,0,9,0,0,0,100,0,0,0,0,9999,971,80,0,0,0,0,0,0,0,0,0,0,3,76
238,tie_interceptor89,0,18,574,0,0,3,0,0,1,335,0,9,0,0,0,100,0,0,0,0,9999,970,80,0,0,0,0,0,0,0,0,0,0,3,76
239,tie_interceptor89,0,18,575,0,0,3,0,0,0,335,0,9,0,0,0,100,0,0,0,0,9999,970,80,0,0,0,0,0,0,0,0,0,0,3,76
240,tie_interceptor89,0,18,576,0,0,3,0,0,0,335,0,9,0,0,0,100,0,0,0,0,9999,970,80,0,0,0,0,0,0,0,0,0,0,3,76
241,tie_interceptor89,0,18,577,0,0,3,0,0,0,335,0,9,0,0,0,100,0,0,0,0,9999,970,80,0,0,0,0,0,0,0,0,0,0,3,76
242,tie_interceptor89,0,18,578,0,0,3,0,0,1,335,0,10,0,0,0,100,0,0,0,0,9999,969,80,0,0,0,0,0,0,0,0,0,0,3,76
243,tie_interceptor89,0,18,579,0,0,3,0,0,0,335,0,10,0,0,0,100,0,0,0,0,9999,969,80,0,0,0,0,0,0,0,0,0,0,3,76
244,tie_interceptor89,0,18,580,0,0,3,0,0,0,335,0,10,0,0,0,100,0,0,0,0,9999,969,80,0,0,0,0,0,0,0,0,0,0,3,76
245,tie_interceptor89,0,18,581,0,0,3,0,0,0,335,0,10,0,0,0,100,0,0,0,0,9999,969,80,0,0,0,0,0,0,0,0,0,0,3,76
246,tie_interceptor89,0,18,582,0,0,3,0,0,1,335,0,10,0,0,0,100,0,0,0,0,9999,968,80,0,0,0,0,0,0,0,0,0,0,3,76
247,tie_interceptor89,0,18,583,0,0,3,0,0,0,335,0,11,0,0,0,100,0,0,0,0,9999,968,80,0,0,0,0,0,0,0,0,0,0,3,76
248,tie_interceptor89,0,18,584,0,0,3,0,0,0,335,0,11,0,0,0,100,0,0,0,0,9999,968,80,0,0,0,0,0,0,0,0,0,0,3,76
249,tie_interceptor89,0,18,585,0,0,3,0,0,0,335,0,11,0,0,0,100,0,0,0,0,9999,968,80,0,0,0,0,0,0,0,0,0,0,3,76
250,tie_interceptor89,0,18,586,0,0,3,0,0,1,335,0,11,0,0,0,100,0,0,0,0,9999,967,80,0,0,0,0,0,0,0,0,0,0,4,76
251,tie_interceptor89,0,18,587,0,0,3,0,0,0,335,0,11,0,0,0,100,0,0,0,0,9999,967,80,0,0,0,0,0,0,0,0,0,0,4,76
252,tie_interceptor89,0,18,588,0,0,3,0,0,0,335,0,12,0,0,0,100,0,0,0,0,9999,967,80,0,0,0,0,0,0,0,0,0,0,4,76
253,tie_interceptor89,0,18,589,0,0,3,0,0,0,335,0,12,0,0,0,100,0,0,0,0,9999,967,80,0,0,0,0,0,0,0,0,0,0,4,76
254,tie_interceptor89,0,18,590,0,0,3,0,0,0,335,0,12,0,0,0,100,0,0,0,0,9999,967,80,0,0,0,0,0,0,0,0,0,0,4,76
255,tie_interceptor89,0,18,591,0,0,3,0,0,0,335,0,12,0,0,0,100,0,0,0,0,9999,967,80,0,0,0,0,0,0,0,0,0,0,4,76
256,tie_interceptor89,0,18,592,0,0,3,0,0,0,335,0,12,0,0,0,100,0,0,0,0,9999,967,80,0,0,0,0,0,0,0,0,0,0,4,76
257,tie_interceptor89,0,18,593,0,0,3,0,0,0,335,0,12,0,0,0,100,0,0,0,0,9999,967,80,0,0,0,0,0,0,0,0,0,0,4,75
258,tie_interceptor89,0,18,594,0,0,3,0,0,1,335,0,13,0,0,0,100,0,0,0,0,9999,967,80,1,0,1,0,0,0,5,0,4,0,4,75
259,tie_interceptor89,0,18,595,0,0,3,0,0,1,335,0,13,0,0,0,100,0,0,0,0,9999,967,80,1,0,1,0,0,0,5,0,8,0,4,75
260,tie_interceptor89,0,18,596,0,0,3,0,0,1,335,0,13,0,0,0,100,0,0,0,0,9999,967,80,1,0,1,0,0,0,5,0,12,0,4,75
261,tie_interceptor89,0,18,597,0,0,3,0,0,1,335,0,13,0,0,0,100,0,0,0,0,9999,967,80,1,0,1,0,0,0,5,0,16,0,4,75
262,tie_interceptor89,0,18,598,0,0,3,0,0,1,335,0,13,0,0,0,100,0,0,0,0,9999,967,80,1,0,1,0,0,0,5,0,20,0,4,75
263,tie_interceptor89,0,18,599,0,0,3,0,0,1,335,0,14,0,0,0,100,0,0,0,0,9999,967,80,1,0,1,0,0,0,5,0,24,0,4,75
264,tie_interceptor89,0,18,600,0,0,3,0,0,1,335,0,14,0,0,0,100,0,0,0,0,9999,967,80,1,0,1,0,0,0,5,0,28,0,4,75
265,tie_interceptor89,0,18,601,0,0,3,0,0,1,335,0,14,0,0,0,100,0,0,0,0,9999,967,80,1,0,1,0,0,0,5,0,32,0,4,75
266,tie_interceptor89,0,18,602,0,0,3,0,0,1,335,0,14,0,0,0,100,0,0,0,0,9999,967,80,1,0,1,0,0,0,5,0,36,0,4,75
267,tie_interceptor89,0,18,603,0,0,3,0,0,1,335,0,14,0,0,0,100,0,0,0,0,9999,967,80,1,0,1,0,0,0,5,0,40,0,4,75
268,tie_interceptor89,0,18,604,0,0,3,0,0,1,335,0,15,0,0,0,100,0,0,0,0,9999,967,80,1,0,1,0,0,0,5,0,44,0,4,75
269,tie_interceptor89,0,18,605,0,0,3,0,0,1,335,0,15,0,0,0,100,0,0,0,0,9999,967,80,1,0,1,0,0,0,5,0,48,0,4,75
270,tie_interceptor89,0,18,606,0,0,3,0,0,1,335,0,15,0,0,0,100,0,0,0,0,9999,967,80,1,0,1,40,0,0,5,0,48,0,4,75
271,tie_interceptor89,0,18,607,0,0,3,0,0,1,335,0,15,0,0,0,100,0,0,0,0,9999,967,80,1,0,1,40,0,0,5,0,48,0,4,75
272,tie_interceptor89,0,18,608,0,0,3,0,0,4,335,0,15,0,0,0,100,0,0,0,0,9999,966,79,1,0,1,40,0,0,13,0,48,0,4,75
273,tie_interceptor89,0,18,609,0,0,3,0,0,1,335,0,15,0,0,0,100,0,0,0,0,9999,966,79,1,0,1,40,0,0,21,0,48,0,4,75
274,tie_interceptor89,0,18,610,0,0,3,0,0,1,335,0,16,0,0,0,100,0,0,0,0,9999,966,79,1,0,1,40,0,0,29,0,48,0,4,75
275,tie_interceptor89,0,18,611,0,0,3,0,0,1,335,0,16,0,0,0,100,0,0,0,0,9999,966,79,1,0,1,40,0,0,37,0,48,0,4,75
276,tie_interceptor89,0,18,612,0,0,3,0,0,2,335,0,16,0,0,0,100,0,0,0,0,9999,965,79,1,0,1,40,0,0,45,1,48,0,4,75
277,tie_interceptor89,0,18,613,0,0,3,0,0,1,335,0,16,0,0,0,100,0,0,0,0,9999,965,79,1,0,1,40,0,0,53,1,48,0,4,75
278,tie_interceptor89,0,18,614,0,0,3,0,0,1,335,0,16,0,0,0,100,0,0,0,0,9999,965,79,1,0,1,40,0,0,61,1,48,0,4,75
279,tie_interceptor89,0,18,615,0,0,3,0,0,1,335,0,17,0,0,0,100,0,0,0,0,9999,965,79,1,0,1,40,0,0,69,1,48,0,5,75
280,tie_interceptor89,0,18,616,0,0,3,0,0,2,335,0,17,0,0,0,100,0,0,0,0,9999,964,79,1,0,1,40,0,0,77,1,48,0,5,75
281,tie_interceptor89,0,18,617,0,0,3,0,0,1,335,0,17,0,0,0,100,0,0,0,0,9999,964,79,1,0,1,40,0,0,85,1,48,0,5,75
282,tie_interceptor89,0,18,618,0,0,3,0,0,1,335,0,17,0,0,0,100,0,0,0,0,9999,964,79,1,0,1,40,0,0,93,2,48,0,5,75
283,tie_interceptor89,0,18,619,0,0,3,0,0,1,335,0,17,0,0,0,100,0,0,0,0,9999,964,79,1,0,1,40,0,0,101,2,48,0,5,75
284,tie_interceptor89,0,18,620,0,0,3,0,0,2,335,0,18,0,0,0,100,0,0,0,0,9999,963,79,1,0,1,40,0,0,109,2,48,0,5,75
285,tie_interceptor89,0,18,621,0,0,3,0,0,1,335,0,18,0,0,0,100,0,0,0,0,9999,963,79,1,0,1,40,0,0,117,2,48,0,5,75
286,tie_interceptor89,0,18,622,0,0,3,0,0,1,335,0,18,0,0,0,100,0,0,0,0,9999,963,79,1,0,1,40,0,0,125,2,48,0,5,75
287,tie_interceptor89,0,18,623,0,0,3,0,0,1,335,0,18,0,0,0,100,0,0,0,0,9999,963,79,1,0,1,40,0,0,133,2,48,0,5,75
288,tie_interceptor89,0,18,624,0,0,3,0,0,2,335,0,18,0,0,0,100,0,0,0,0,9999,963,79,1,0,1,40,0,0,133,2,48,0,5,75
289,tie_interceptor89,0,18,625,0,0,3,0,0,1,335,0,18,0,0,0,100,0,0,0,0,9999,963,79,1,0,1,40,0,0,133,2,48,0,5,75
290,tie_interceptor89,0,18,626,0,0,3,0,0,1,335,0,19,0,0,0,100,0,0,0,0,9999,963,79,1,0,1,40,0,0,133,2,48,0,5,75
291,tie_interceptor89,0,18,627,0,0,3,0,0,1,335,0,19,0,0,0,100,0,0,0,0,9999,963,79,1,0,1,40,0,0,133,2,48,0,5,75
292,tie_interceptor89,0,18,628,0,0,3,0,0,1,335,0,19,0,0,0,100,0,0,0,0,9999,963,79,1,0,1,40,0,0,133,2,48,0,5,75
293,tie_interceptor89,0,18,629,0,0,3,0,0,1,335,0,19,0,0,0,100,0,0,0,0,9999,963,79,1,0,1,40,0,0,133,2,48,0,5,75
294,tie_interceptor89,0,18,630,0,0,3,0,0,1,335,0,19,0,0,0,100,0,0,0,0,9999,963,79,1,0,1,40,0,0,133,2,48,0,5,75
295,tie_interceptor89,0,18,631,0,0,3,0,0,1,335,0,20,0,0,0,100,0,0,0,0,9999,963,79,1,0,1,40,0,0,133,2,48,0,5,75
296,tie_interceptor89,0,18,632,0,0,3,0,0,1,335,0,20,0,0,0,100,0,0,0,0,9999,963,79,1,0,1,40,0,0,133,2,48,0,5,75
297,tie_interceptor89,0,18,633,0,0,3,0,0,1,335,0,20,0,0,0,100,0,0,0,0,9999,963,79,1,0,1,40,0,0,133,2,48,0,5,75
298,tie_interceptor89,0,18,634,0,0,3,0,0,1,335,0,20,0,0,0,100,0,0,0,0,9999,963,79,1,0,1,40,0,0,133,2,48,0,5,75
299,tie_interceptor89,0,18,635,0,0,3,0,0,1,335,0,20,0,0,0,100,0,0,0,0,9999,963,79,1,0,1,40,0,0,133,2,48,0,5,75
300,tie_interceptor89,0,18,636,0,0,3,0,0,1,335,0,21,0,0,0,100,0,0,0,0,9999,963,79,1,0,1,40,0,0,133,2,48,0,5,75
301,tie_interceptor89,0,18,637,0,0,3,0,0,1,335,0,21,0,0,0,100,0,0,0,0,9999,963,79,1,0,1,40,0,0,133,2,48,0,5,75
302,tie_interceptor89,0,18,638,0,0,3,0,0,1,335,0,21,0,0,0,100,0,0,0,0,9999,963,79,1,0,1,40,0,0,133,2,48,0,5,75
303,tie_interceptor89,0,18,639,0,0,3,0,0,1,335,0,21,0,0,0,100,0,0,0,0,9999,963,79,1,0,1,40,0,0,133,2,48,0,5,75
304,tie_interceptor89,0,18,640,0,0,3,0,0,2,335,0,21,0,0,0,100,0,0,0,0,9999,963,79,1,0,1,40,0,0,133,2,48,0,5,75
305,tie_interceptor89,0,18,641,0,0,3,0,0,1,335,0,21,0,0,0,100,0,0,0,0,9999,963,79,1,0,1,40,0,0,133,2,48,0,5,75
306,tie_interceptor89,0,18,642,0,0,3,0,0,3,335,0,22,0,0,0,100,0,0,0,0,9999,962,78,1,0,1,40,0,0,141,2,48,0,5,75
307,tie_interceptor89,0,18,643,0,0,3,0,0,1,335,0,22,0,0,0,100,0,0,0,0,9999,962,78,1,0,1,40,0,0,149,2,48,0,5,75
308,tie_interceptor89,0,18,644,0,0,3,0,0,1,335,0,22,0,0,0,100,0,0,0,0,9999,962,78,1,0,1,40,0,0,157,3,48,0,5,75
309,tie_interceptor89,0,18,645,0,0,3,0,0,1,335,0,22,0,0,0,100,0,0,0,0,9999,962,78,1,0,1,40,0,0,165,3,48,0,6,75
310,tie_interceptor89,0,18,646,0,0,3,0,0,2,335,0,22,0,0,0,100,0,0,0,0,9999,961,78,1,0,1,40,0,0,173,3,48,0,6,75
311,tie_interceptor89,0,18,647,0,0,3,0,0,1,335,0,23,0,0,0,100,0,0,0,0,9999,961,78,1,0,1,40,0,0,181,3,48,0,6,75
312,tie_interceptor89,0,18,648,0,0,3,0,0,1,335,0,23,0,0,0,100,0,0,0,0,9999,961,78,1,0,1,40,0,0,189,3,48,0,6,75
313,tie_interceptor89,0,18,649,0,0,3,0,0,1,335,0,23,0,0,0,100,0,0,0,0,9999,961,78,1,0,1,40,0,0,197,3,48,0,6,75
314,tie_interceptor89,0,18,650,0,0,3,0,0,2,335,0,23,0,0,0,100,0,0,0,0,9999,960,78,1,0,1,40,0,0,205,3,48,0,6,75
315,tie_interceptor89,0,18,651,0,0,3,0,0,1,335,0,23,0,0,0,100,0,0,0,0,9999,960,78,1,0,1,40,0,0,213,3,48,0,6,75
316,tie_interceptor89,0,18,652,0,0,3,0,0,1,335,0,24,0,0,0,100,0,0,0,0,9999,960,78,1,0,1,40,0,0,221,3,48,0,6,75
317,tie_interceptor89,0,18,653,0,0,3,0,0,1,335,0,24,0,0,0,100,0,0,0,0,9999,960,78,1,0,1,40,0,0,229,3,48,0,6,75
318,tie_interceptor89,0,18,654,0,0,3,0,0,2,335,0,24,0,0,0,100,0,0,0,0,9999,959,78,1,0,1,40,0,0,237,3,48,0,6,75
319,tie_interceptor89,0,18,655,0,0,3,0,0,1,335,0,24,0,0,0,100,0,0,0,0,9999,959,78,1,0,1,40,0,0,245,3,48,0,6,75
320,tie_interceptor89,0,18,656,0,0,3,0,0,2,335,0,24,0,0,0,100,0,0,0,0,9999,959,78,1,0,1,40,0,0,253,3,48,0,6,75
321,tie_interceptor89,0,18,657,0,0,3,0,0,1,335,0,24,0,0,0,100,0,0,0,0,9999,959,78,1,0,1,40,0,0,261,3,48,0,6,75
322,tie_interceptor89,0,18,658,0,0,3,0,0,1,335,0,25,0,0,0,100,0,0,0,0,9999,959,78,1,0,1,40,0,0,261,3,48,0,6,75
323,tie_interceptor89,0,18,659,0,0,3,0,0,1,335,0,25,0,0,0,100,0,0,0,0,9999,959,78,1,0,1,40,0,0,261,3,48,0,6,75
324,tie_interceptor89,0,18,660,0,0,3,0,0,1,335,0,25,0,0,0,100,0,0,0,0,9999,959,78,1,0,1,40,0,0,261,3,48,0,6,75
325,tie_interceptor89,0,18,661,0,0,3,0,0,1,335,0,25,0,0,0,100,0,0,0,0,9999,959,78,1,0,1,40,0,0,261,3,48,0,6,75
326,tie_interceptor89,0,18,662,0,0,3,0,0,1,335,0,25,0,0,0,100,0,0,0,0,9999,959,78,1,0,1,40,0,0,261,3,48,0,6,75
327,tie_interceptor89,0,18,663,0,0,3,0,0,1,335,0,26,0,0,0,100,0,0,0,0,9999,959,78,1,0,1,40,0,0,261,3,48,0,6,75
328,tie_interceptor89,0,18,664,0,0,3,0,0,1,335,0,26,0,0,0,100,0,0,0,0,9999,959,78,1,0,1,40,0,0,261,3,48,0,6,75
329,tie_interceptor89,0,18,665,0,0,3,0,0,1,335,0,26,0,0,0,100,0,0,0,0,9999,959,78,1,0,1,40,0,0,261,3,48,0,6,75
330,tie_interceptor89,0,18,666,0,0,3,0,0,1,335,0,26,0,0,0,100,0,0,0,0,9999,959,78,1,0,1,40,0,0,261,3,48,0,6,75
331,tie_interceptor89,0,18,667,0,0,3,0,0,1,335,0,26,0,0,0,100,0,0,0,0,9999,959,78,1,0,1,40,0,0,261,3,48,0,6,75
332,tie_interceptor89,0,18,668,0,0,3,0,0,1,335,0,27,0,0,0,100,0,0,0,0,9999,959,78,1,0,1,40,0,0,261,3,48,0,6,75
333,tie_interceptor89,0,18,669,0,0,3,0,0,1,335,0,27,0,0,0,100,0,0,0,0,9999,959,78,1,0,1,40,0,0,261,3,48,0,6,75
334,tie_interceptor89,0,18,670,0,0,3,0,0,1,335,0,27,0,0,0,100,0,0,0,0,9999,959,78,1,0,1,40,0,0,261,3,48,0,6,75
335,tie_interceptor89,0,18,671,0,0,3,0,0,1,335,0,27,0,0,0,100,0,0,0,0,9999,959,78,1,0,1,40,0,0,261,3,48,0,6,75
336,tie_interceptor89,0,18,672,0,0,3,0,0,2,335,0,27,0,0,0,100,0,0,0,0,9999,959,78,1,0,1,40,0,0,261,3,48,0,6,75
337,tie_interceptor89,0,18,673,0,0,3,0,0,1,335,0,27,0,0,0,100,0,0,0,0,9999,959,78,1,0,1,40,0,0,261,3,48,0,7,75
338,tie_interceptor89,0,18,674,0,0,3,0,0,1,335,0,28,0,0,0,100,0,0,0,0,9999,959,78,1,0,1,40,0,0,261,3,48,0,7,75
339,tie_interceptor89,0,18,675,0,0,3,0,0,1,335,0,28,0,0,0,100,0,0,0,0,9999,959,78,1,0,1,40,0,0,261,3,48,0,7,75
340,tie_interceptor89,0,18,676,0,0,3,0,0,3,335,0,28,0,0,0,100,0,0,0,0,9999,958,77,1,0,1,40,0,0,269,3,48,0,7,75
341,tie_interceptor89,0,18,677,0,0,3,0,0,1,335,0,28,0,0,0,100,0,0,0,0,9999,958,77,1,0,1,40,0,0,277,3,48,0,7,75
342,tie_interceptor89,0,18,678,0,0,3,0,0,1,335,0,28,0,0,0,100,0,0,0,0,9999,958,77,1,0,1,40,0,0,285,3,48,0,7,75
343,tie_interceptor89,0,18,679,0,0,3,0,0,1,335,0,29,0,0,0,100,0,0,0,0,9999,958,77,1,0,1,40,0,0,293,3,48,0,7,75
344,tie_interceptor89,0,18,680,0,0,3,0,0,2,335,0,29,0,0,0,100,0,0,0,0,9999,957,77,1,0,1,40,0,0,301,3,48,0,7,75
345,tie_interceptor89,0,18,681,0,0,3,0,0,1,335,0,29,0,0,0,100,0,0,0,0,9999,957,77,1,0,1,40,0,0,309,3,48,0,7,75
346,tie_interceptor89,0,18,682,0,0,3,0,0,1,335,0,29,0,0,0,100,0,0,0,0,9999,957,77,1,0,1,40,0,0,317,3,48,0,7,75
347,tie_interceptor89,0,18,683,0,0,3,0,0,1,335,0,29,0,0,0,100,0,0,0,0,9999,957,77,1,0,1,40,0,0,325,3,48,0,7,75
348,tie_interceptor89,0,18,684,0,0,3,0,0,2,335,0,30,0,0,0,100,0,0,0,0,9999,956,77,1,0,1,40,0,0,333,3,48,0,7,75
349,tie_interceptor89,0,18,685,0,0,3,0,0,1,335,0,30,0,0,0,100,0,0,0,0,9999,956,77,1,0,1,40,0,0,341,3,48,0,7,75
350,tie_interceptor89,0,18,686,0,0,3,0,0,1,335,0,30,0,0,0,100,0,0,0,0,9999,956,77,1,0,1,40,0,0,349,3,48,0,7,75
351,tie_interceptor89,0,18,687,0,0,3,0,0,1,335,0,30,0,0,0,100,0,0,0,0,9999,956,77,1,0,1,40,0,0,357,3,48,0,7,75
352,tie_interceptor89,0,18,688,0,0,3,0,0,3,335,0,30,0,0,0,100,0,0,0,0,9999,955,77,1,0,1,40,0,0,365,3,48,0,7,75
353,tie_interceptor89,0,18,689,0,0,3,0,0,1,335,0,30,0,0,0,100,0,0,0,0,9999,955,77,1,0,1,40,0,0,373,3,48,0,7,75
354,tie_interceptor89,0,18,690,0,0,3,0,0,1,335,0,31,0,0,0,100,0,0,0,0,9999,955,77,1,0,1,40,0,0,381,3,48,0,7,75
355,tie_interceptor89,0,18,691,0,0,3,0,0,1,335,0,31,0,0,0,100,0,0,0,0,9999,955,77,1,0,1,40,0,0,389,3,48,0,7,75
356,tie_interceptor89,0,18,692,0,0,3,0,0,1,335,0,31,0,0,0,100,0,0,0,0,9999,955,77,1,0,1,40,0,0,389,3,48,0,7,75
357,tie_interceptor89,0,18,693,0,0,3,0,0,1,335,0,31,0,0,0,100,0,0,0,0,9999,955,77,1,0,1,40,0,0,389,3,48,0,7,75
358,tie_interceptor89,0,18,694,0,0,3,0,0,1,335,0,31,0,0,0,100,0,0,0,0,9999,955,77,1,0,1,40,0,0,389,3,48,0,7,75
359,tie_interceptor89,0,18,695,0,0,3,0,0,1,335,0,32,0,0,0,100,0,0,0,0,9999,955,77,1,0,1,40,0,0,389,3,48,0,7,75
360,tie_interceptor89,0,18,696,0,0,3,0,0,1,335,0,32,0,0,0,100,0,0,0,0,9999,955,77,1,0,1,39,0,0,389,3,48,0,7,75
361,tie_interceptor89,0,18,697,0,0,3,0,0,1,335,0,32,0,0,0,100,0,0,0,0,9999,955,77,1,0,1,38,0,0,389,3,48,0,7,75
362,tie_interceptor89,0,18,698,0,0,3,0,0,1,335,0,32,0,0,0,100,0,0,0,0,9999,955,77,1,0,1,37,0,0,389,3,48,0,7,75
363,tie_interceptor89,0,18,699,0,0,3,0,0,1,335,0,32,0,0,0,100,0,0,0,0,9999,955,77,1,0,1,36,0,0,389,3,48,0,7,75
364,tie_interceptor89,0,18,700,0,0,3,0,0,1,335,0,33,0,0,0,100,0,0,0,0,9999,955,77,1,0,1,35,0,0,389,3,48,0,7,75
365,tie_interceptor89,0,18,701,0,0,3,0,0,1,335,0,33,0,0,0,100,0,0,0,0,9999,955,77,1,0,1,34,0,0,389,3,48,0,8,75
366,tie_interceptor89,0,18,702,0,0,3,0,0,1,335,0,33,0,0,0,100,0,0,0,0,9999,955,77,1,0,1,33,0,0,389,3,48,0,8,75
367,tie_interceptor89,0,18,703,0,0,3,0,0,1,335,0,33,0,0,0,100,0,0,0,0,9999,955,77,1,0,1,32,0,0,389,3,48,0,8,75
368,tie_interceptor89,0,18,704,0,0,3,0,0,2,335,0,33,0,0,0,100,0,0,0,0,9999,955,77,1,0,1,31,0,0,389,3,48,0,8,75
369,tie_interceptor89,0,18,705,0,0,3,0,0,1,335,0,33,0,0,0,100,0,0,0,0,9999,955,77,1,0,1,30,0,0,389,3,48,0,8,75
370,tie_interceptor89,0,18,706,0,0,3,0,0,1,335,0,34,0,0,0,100,0,0,0,0,9999,955,77,1,0,1,29,0,0,389,3,48,0,8,75
371,tie_interceptor89,0,18,707,0,0,3,0,0,1,335,0,34,0,0,0,100,0,0,0,0,9999,955,77,1,0,1,28,0,0,389,3,48,0,8,75
372,tie_interceptor89,0,18,708,0,0,3,0,0,1,335,0,34,0,0,0,100,0,0,0,0,9999,955,77,1,0,1,27,0,0,389,3,48,0,8,75
373,tie_interceptor89,0,18,709,0,0,3,0,0,1,335,0,34,0,0,0,100,0,0,0,0,9999,955,77,1,0,1,26,0,0,389,3,48,0,8,75
374,tie_interceptor89,0,18,710,0,0,3,0,0,4,335,0,34,0,0,0,100,0,0,0,0,9999,954,76,1,0,1,25,0,0,397,3,48,0,0,81
375,tie_interceptor89,0,18,711,0,0,3,0,0,1,335,0,35,0,0,0,100,0,0,0,0,9999,954,76,1,0,1,24,0,0,405,3,48,0,0,81
376,tie_interceptor89,0,18,712,0,0,3,0,0,1,335,0,35,0,0,0,100,0,0,0,0,9999,954,76,1,0,1,23,0,0,413,3,48,0,0,81
377,tie_interceptor89,0,18,713,0,0,3,0,0,1,335,0,35,0,0,0,100,0,0,0,0,9999,954,76,1,0,1,22,0,0,421,3,48,0,0,81
378,tie_interceptor89,0,18,714,0,0,3,0,0,2,335,0,35,0,0,0,100,0,0,0,0,9999,953,76,1,0,1,21,0,0,429,3,48,0,0,81
379,tie_interceptor89,0,18,715,0,0,3,0,0,1,335,0,35,0,0,0,100,0,0,0,0,9999,953,76,1,0,1,20,0,0,437,3,48,0,0,81
380,tie_interceptor89,0,18,716,0,0,3,0,0,1,335,0,36,0,0,0,100,0,0,0,0,9999,953,76,1,0,1,19,0,0,445,3,48,0,0,81
381,tie_interceptor89,0,18,717,0,0,3,0,0,1,335,0,36,0,0,0,100,0,0,0,0,9999,953,76,1,0,1,18,0,0,453,3,48,0,0,81
382,tie_interceptor89,0,18,718,0,0,3,0,0,2,335,0,36,0,0,0,100,0,0,0,0,9999,952,76,1,0,1,17,0,0,461,3,48,0,0,81
383,tie_interceptor89,0,18,719,0,0,3,0,0,1,335,0,36,0,0,0,100,0,0,0,0,9999,952,76,1,0,1,16,0,0,469,3,48,0,0,81
384,tie_interceptor89,0,18,720,0,0,3,0,0,2,335,0,36,0,0,0,100,0,0,0,0,9999,952,76,1,0,1,15,0,0,477,3,48,0,0,81
385,tie_interceptor89,0,18,721,0,0,3,0,0,1,335,0,36,0,0,0,100,0,0,0,0,9999,952,76,1,0,1,14,0,0,485,3,48,0,0,80
386,tie_interceptor89,0,18,722,0,0,3,0,0,2,335,0,37,0,0,0,100,0,0,0,0,9999,951,76,1,0,1,13,0,0,493,3,48,0,0,80
387,tie_interceptor89,0,18,723,0,0,3,0,0,1,335,0,37,0,0,0,100,0,0,0,0,9999,951,76,1,0,1,12,0,0,501,3,48,0,0,80
388,tie_interceptor89,0,18,724,0,0,3,0,0,1,335,0,37,0,0,0,100,0,0,0,0,9999,951,76,1,0,1,11,0,0,509,3,48,0,0,80
389,tie_interceptor89,0,18,725,0,0,3,0,0,1,335,0,37,0,0,0,100,0,0,0,0,9999,951,76,1,0,1,10,0,0,517,3,48,0,0,80
390,tie_interceptor89,0,18,726,0,0,3,0,0,1,335,0,37,0,0,0,100,0,0,0,0,9999,951,76,1,0,1,9,0,0,517,3,48,0,0,80
391,tie_interceptor89,0,18,727,0,0,3,0,0,1,335,0,38,0,0,0,100,0,0,0,0,9999,951,76,1,0,1,8,0,0,517,3,48,0,0,80
392,tie_interceptor89,0,18,728,0,0,3,0,0,1,335,0,38,0,0,0,100,0,0,0,0,9999,951,76,1,0,1,7,0,0,517,3,48,0,0,80
393,tie_interceptor89,0,18,729,0,0,3,0,0,1,335,0,38,0,0,0,100,0,0,0,0,9999,951,76,1,0,1,6,0,0,517,3,48,0,1,80
394,tie_interceptor89,0,18,730,0,0,3,0,0,1,335,0,38,0,0,0,100,0,0,0,0,9999,951,76,1,0,1,5,0,0,517,3,48,0,1,80
395,tie_interceptor89,0,18,731,0,0,3,0,0,1,335,0,38,0,0,0,100,0,0,0,0,9999,951,76,1,0,1,4,0,0,517,3,48,0,1,80
396,tie_interceptor89,0,18,732,0,0,3,0,0,1,335,0,39,0,0,0,100,0,0,0,0,9999,951,76,1,0,1,3,0,0,517,3,48,0,1,80
397,tie_interceptor89,0,18,733,0,0,3,0,0,1,335,0,39,0,0,0,100,0,0,0,0,9999,951,76,1,0,1,2,0,0,517,3,48,0,1,80
398,tie_interceptor89,0,18,734,0,0,3,0,0,1,335,0,39,0,0,0,100,0,0,0,0,9999,951,76,1,0,1,1,0,0,517,3,48,0,1,80
399,tie_interceptor89,0,18,735,0,0,3,0,0,1,335,0,39,0,0,0,100,0,0,0,0,9999,951,76,1,0,1,0,0,0,517,3,48,0,1,80
400,tie_interceptor89,0,18,736,0,0,3,0,0,1,335,0,39,0,0,0,100,0,0,0,0,9999,951,76,1,0,1,0,0,0,517,3,48,0,1,80
401,tie_interceptor89,0,18,737,0,0,3,0,0,1,335,0,39,0,0,0,100,0,0,0,0,9999,951,76,1,0,1,0,0,0,517,3,48,0,1,80
402,tie_interceptor89,0,18,738,0,0,3,0,0,1,335,0,40,0,0,0,100,0,0,0,0,9999,951,76,1,0,1,0,0,0,517,3,48,0,1,80
403,tie_interceptor89,0,18,739,0,0,3,0,0,1,335,0,40,0,0,0,100,0,0,0,0,9999,951,76,1,0,1,0,0,0,517,3,48,0,1,80
404,tie_interceptor89,0,18,740,0,0,3,0,0,1,335,0,40,0,0,0,100,0,0,0,0,9999,951,76,1,0,1,0,0,0,517,3,48,0,1,80
405,tie_interceptor89,0,18,741,0,0,3,0,0,1,335,0,40,0,0,0,100,0,0,0,0,9999,951,76,1,0,1,0,0,0,517,3,48,0,1,80
406,tie_interceptor89,0,18,742,0,0,3,0,0,1,335,0,40,0,0,0,100,0,0,0,0,9999,951,76,1,0,1,0,0,0,517,3,48,0,1,80
407,tie_interceptor89,0,18,743,0,0,3,0,0,1,335,0,41,0,0,0,100,0,0,0,0,9999,951,76,1,0,1,0,0,0,517,3,48,0,1,80
408,tie_interceptor89,0,18,744,0,0,3,0,0,3,335,0,41,0,0,0,100,0,0,0,0,9999,950,75,1,0,1,0,0,0,525,3,48,0,1,80
409,tie_interceptor89,0,18,745,0,0,3,0,0,1,335,0,41,0,0,0,100,0,0,0,0,9999,950,75,1,0,1,0,0,0,533,3,48,0,1,80
410,tie_interceptor89,0,18,746,0,0,3,0,0,1,335,0,41,0,0,0,100,0,0,0,0,9999,950,75,1,0,1,0,0,0,541,3,48,0,1,80
411,tie_interceptor89,0,18,747,0,0,3,0,0,1,335,0,41,0,0,0,100,0,0,0,0,9999,950,75,1,0,1,0,0,0,549,3,48,0,1,80
412,tie_interceptor89,0,18,748,0,0,3,0,0,2,335,0,42,0,0,0,100,0,0,0,0,9999,949,75,1,0,1,0,0,0,557,3,48,0,1,80
413,tie_interceptor89,0,18,749,0,0,3,0,0,1,335,0,42,0,0,0,100,0,0,0,0,9999,949,75,1,0,1,0,0,0,565,3,48,0,1,80
414,tie_interceptor89,0,18,750,0,0,3,0,0,1,335,0,42,0,0,0,100,0,0,0,0,9999,949,75,1,0,1,0,0,0,573,3,48,0,1,80
415,tie_interceptor89,0,18,751,0,0,3,0,0,1,335,0,42,0,0,0,100,0,0,0,0,9999,949,75,1,0,1,0,0,0,581,3,48,0,1,80
416,tie_interceptor89,0,18,752,0,0,3,0,0,2,335,0,42,0,0,0,100,0,0,0,0,9999,948,75,1,0,1,0,0,0,589,3,48,0,1,80
417,tie_interceptor89,0,18,753,0,0,3,0,0,1,335,0,42,0,0,0,100,0,0,0,0,9999,948,75,1,0,1,0,0,0,597,3,48,0,1,80
418,tie_interceptor89,0,18,754,0,0,3,0,0,1,335,0,43,0,0,0,100,0,0,0,0,9999,948,75,1,0,1,0,0,0,605,3,48,0,1,80
419,tie_interceptor89,0,18,755,0,0,3,0,0,1,335,0,43,0,0,0,100,0,0,0,0,9999,948,75,1,0,1,0,0,0,613,3,48,0,1,80
420,tie_interceptor89,0,18,756,0,0,3,0,0,2,335,0,43,0,0,0,100,0,0,0,0,9999,947,75,1,0,1,0,0,0,621,3,48,0,1,80
421,tie_interceptor89,0,18,757,0,0,3,0,0,1,335,0,43,0,0,0,100,0,0,0,0,9999,947,75,1,0,1,0,0,0,629,3,48,0,1,80
422,tie_interceptor89,0,18,758,0,0,3,0,0,1,335,0,43,0,0,0,100,0,0,0,0,9999,947,75,1,0,1,0,0,0,637,3,48,0,2,80
423,tie_interceptor89,0,18,759,0,0,3,0,0,1,335,0,44,0,0,0,100,0,0,0,0,9999,947,75,1,0,1,0,0,0,645,3,48,0,2,80
424,tie_interceptor89,0,18,760,0,0,3,0,0,1,335,0,44,0,0,0,100,0,0,0,0,9999,947,75,1,0,1,0,0,0,645,3,48,0,2,80
425,tie_interceptor89,0,18,761,0,0,3,0,0,1,335,0,44,0,0,0,100,0,0,0,0,9999,947,75,1,0,1,0,0,0,645,3,48,0,2,80
426,tie_interceptor89,0,18,762,0,0,3,0,0,1,335,0,44,0,0,0,100,0,0,0,0,9999,947,75,1,0,1,0,0,0,645,3,48,0,2,80
427,tie_interceptor89,0,18,763,0,0,3,0,0,1,335,0,44,0,0,0,100,0,0,0,0,9999,947,75,1,0,1,0,0,0,645,3,48,0,2,80
428,tie_interceptor89,0,18,764,0,0,3,0,0,1,335,0,45,0,0,0,100,0,0,0,0,9999,947,75,1,0,1,0,0,0,645,3,48,0,2,80
429,tie_interceptor89,0,18,765,0,0,3,0,0,1,335,0,45,0,0,0,100,0,0,0,0,9999,947,75,1,0,1,0,0,0,645,3,48,0,2,80
430,tie_interceptor89,0,18,766,0,0,3,0,0,1,335,0,45,0,0,0,100,0,0,0,0,9999,947,75,1,0,1,0,0,0,645,3,48,0,2,80
431,tie_interceptor89,0,18,767,0,0,3,0,0,1,335,0,45,0,0,0,100,0,0,0,0,9999,947,75,1,0,1,0,0,0,645,3,48,0,2,80
432,tie_interceptor89,0,18,768,0,0,3,0,0,1,335,0,45,0,0,0,100,0,0,0,0,9999,947,75,1,0,1,0,0,0,645,3,48,0,2,80
433,tie_interceptor89,0,18,769,0,0,3,0,0,1,335,0,45,0,0,0,100,0,0,0,0,9999,947,75,1,0,1,0,0,0,645,3,48,0,2,80
434,tie_interceptor89,0,18,770,0,0,3,0,0,1,335,0,46,0,0,0,100,0,0,0,0,9999,947,75,1,0,1,0,0,0,645,3,48,0,2,80
435,tie_interceptor89,0,18,771,0,0,3,0,0,1,335,0,46,0,0,0,100,0,0,0,0,9999,947,75,1,0,1,0,0,0,645,3,48,0,2,80
436,tie_interceptor89,0,18,772,0,0,3,0,0,1,335,0,46,0,0,0,100,0,0,0,0,9999,947,75,1,0,1,0,0,0,645,3,48,0,2,80
437,tie_interceptor89,0,18,773,0,0,3,0,0,1,335,0,46,0,0,0,100,0,0,0,0,9999,947,75,1,0,1,0,0,0,645,3,48,0,2,80
438,tie_interceptor89,0,18,774,0,0,3,0,0,1,335,0,46,0,0,0,100,0,0,0,0,9999,947,75,1,0,1,0,0,0,645,3,48,0,2,80
439,tie_interceptor89,0,18,775,0,0,3,0,0,1,335,0,47,0,0,0,100,0,0,0,0,9999,947,75,1,0,1,0,0,0,645,3,48,0,2,80
440,tie_interceptor89,0,18,776,0,0,3,0,0,1,335,0,47,0,0,0,100,0,0,0,0,9999,947,75,1,0,1,0,0,0,645,3,48,0,2,80
441,tie_interceptor89,0,18,777,0,0,3,0,0,1,335,0,47,0,0,0,100,0,0,0,0,9999,947,75,1,0,1,0,0,0,645,3,48,0,2,80
442,tie_interceptor89,0,18,778,0,0,3,0,0,3,335,0,47,0,0,0,100,0,0,0,0,9999,946,74,1,0,1,0,0,0,653,3,48,0,2,80
443,tie_interceptor89,0,18,779,0,0,3,0,0,1,335,0,47,0,0,0,100,0,0,0,0,9999,946,74,1,0,1,0,0,0,661,3,48,0,2,80
444,tie_interceptor89,0,18,780,0,0,3,0,0,1,335,0,48,0,0,0,100,0,0,0,0,9999,946,74,1,0,1,0,0,0,669,3,48,0,2,80
445,tie_interceptor89,0,18,781,0,0,3,0,0,1,335,0,48,0,0,0,100,0,0,0,0,9999,946,74,1,0,1,0,0,0,677,3,48,0,2,80
446,tie_interceptor89,0,18,782,0,0,3,0,0,2,335,0,48,0,0,0,100,0,0,0,0,9999,945,74,1,0,1,0,0,0,685,3,48,0,2,80
447,tie_interceptor89,0,18,783,0,0,3,0,0,1,335,0,48,0,0,0,100,0,0,0,0,9999,945,74,1,0,1,0,0,0,693,3,48,0,2,80
448,tie_interceptor89,0,18,784,0,0,3,0,0,1,335,0,48,0,0,0,100,0,0,0,0,9999,945,74,1,0,1,0,0,0,701,3,48,0,2,80
449,tie_interceptor89,0,18,785,0,0,3,0,0,1,335,0,48,0,0,0,100,0,0,0,0,9999,945,74,1,0,1,0,0,0,709,3,48,0,2,80
450,tie_interceptor89,0,18,786,0,0,3,0,0,2,335,0,49,0,0,0,100,0,0,0,0,9999,944,74,1,0,1,40,0,0,717,3,48,0,2,80
451,tie_interceptor89,0,18,787,0,0,3,0,0,1,335,0,49,0,0,0,100,0,0,0,0,9999,944,74,1,0,1,40,0,0,725,3,48,0,3,80
452,tie_interceptor89,0,18,788,0,0,3,0,0,1,335,0,49,0,0,0,100,0,0,0,0,9999,944,74,1,0,1,40,0,0,733,3,48,0,3,80
453,tie_interceptor89,0,18,789,0,0,3,0,0,1,335,0,49,0,0,0,100,0,0,0,0,9999,944,74,1,0,1,40,0,0,741,3,48,0,3,80
454,tie_interceptor89,0,18,790,0,0,3,0,0,2,335,0,49,0,0,0,100,0,0,0,0,9999,943,74,1,0,1,40,0,0,749,3,48,0,3,80
455,tie_interceptor89,0,18,791,0,0,3,0,0,1,335,0,50,0,0,0,100,0,0,0,0,9999,943,74,1,0,1,40,0,0,757,3,48,0,3,80
456,tie_interceptor89,0,18,792,0,0,3,0,0,1,335,0,50,0,0,0,100,0,0,0,0,9999,943,74,1,0,1,40,0,0,765,3,48,0,3,80
457,tie_interceptor89,0,18,793,0,0,3,0,0,1,335,0,50,0,0,0,100,0,0,0,0,9999,943,74,1,0,1,40,0,0,773,3,48,0,3,80
458,tie_interceptor89,0,18,794,0,0,3,0,0,1,335,0,50,0,0,0,100,0,0,0,0,9999,943,74,1,0,1,40,0,0,773,3,48,0,3,80
459,tie_interceptor89,0,18,795,0,0,3,0,0,1,335,0,50,0,0,0,100,0,0,0,0,9999,943,74,1,0,1,40,0,0,773,3,48,0,3,80
460,tie_interceptor89,0,18,796,0,0,3,0,0,1,335,0,51,0,0,0,100,0,0,0,0,9999,943,74,1,0,1,40,0,0,773,3,48,0,3,80
461,tie_interceptor89,0,18,797,0,0,3,0,0,1,335,0,51,0,0,0,100,0,0,0,0,9999,943,74,1,0,1,40,0,0,773,3,48,0,3,80
462,tie_interceptor89,0,18,798,0,0,3,0,0,1,335,0,51,0,0,0,100,0,0,0,0,9999,943,74,1,0,1,40,0,0,773,3,48,0,3,80
463,tie_interceptor89,0,18,799,0,0,3,0,0,1,335,0,51,0,0,0,100,0,0,0,0,9999,943,74,1,0,1,40,0,0,773,3,48,0,3,80
464,tie_interceptor89,0,18,800,0,0,3,0,0,2,335,0,51,0,0,0,100,0,0,0,0,9999,943,74,1,0,1,40,0,0,773,3,48,0,3,80
465,tie_interceptor89,0,18,801,0,0,3,0,0,1,335,0,51,0,0,0,100,0,0,0,0,9999,943,74,1,0,1,40,0,0,773,3,48,0,3,80
466,tie_interceptor89,0,18,802,0,0,3,0,0,1,335,0,52,0,0,0,100,0,0,0,0,9999,943,74,1,0,1,40,0,0,773,3,48,0,3,80
467,tie_interceptor89,0,18,803,0,0,3,0,0,1,335,0,52,0,0,0,100,0,0,0,0,9999,943,74,1,0,1,40,0,0,773,3,48,0,3,80
468,tie_interceptor89,0,18,804,0,0,3,0,0,1,335,0,52,0,0,0,100,0,0,0,0,9999,943,74,1,0,1,40,0,0,773,3,48,0,3,80
469,tie_interceptor89,0,18,805,0,0,3,0,0,1,335,0,52,0,0,0,100,0,0,0,0,9999,943,74,1,0,1,40,0,0,773,3,48,0,3,80
470,tie_interceptor89,0,18,806,0,0,3,0,0,1,335,0,52,0,0,0,100,0,0,0,0,9999,943,74,1,0,1,40,0,0,773,3,48,0,3,80
471,tie_interceptor89,0,18,807,0,0,3,0,0,1,335,0,53,0,0,0,100,0,0,0,0,9999,943,74,1,0,1,40,0,0,773,3,48,0,3,80
472,tie_interceptor89,0,18,808,0,0,3,0,0,1,335,0,53,0,0,0,100,0,0,0,0,9999,943,74,1,0,1,40,0,0,773,3,48,0,3,80
473,tie_interceptor89,0,18,809,0,0,3,0,0,1,335,0,53,0,0,0,100,0,0,0,0,9999,943,74,1,0,1,40,0,0,773,3,48,0,3,80
474,tie_interceptor89,0,18,810,0,0,3,0,0,1,335,0,53,0,0,0,100,0,0,0,0,9999,943,74,1,0,1,40,0,0,773,3,48,0,3,80
475,tie_interceptor89,0,18,811,0,0,3,0,0,1,335,0,53,0,0,0,100,0,0,0,0,9999,943,74,1,0,1,40,0,0,773,3,48,0,3,80
476,tie_interceptor89,0,18,812,0,0,3,0,0,3,335,0,54,0,0,0,100,0,0,0,0,9999,942,73,1,0,1,40,0,0,781,3,48,0,3,80
477,tie_interceptor89,0,18,813,0,0,3,0,0,1,335,0,54,0,0,0,100,0,0,0,0,9999,942,73,1,0,1,40,0,0,789,3,48,0,3,80
478,tie_interceptor89,0,18,814,0,0,3,0,0,1,335,0,54,0,0,0,100,0,0,0,0,9999,942,73,1,0,1,40,0,0,797,3,48,0,3,80
479,tie_interceptor89,0,18,815,0,0,3,0,0,1,335,0,54,0,0,0,100,0,0,0,0,9999,942,73,1,0,1,40,0,0,805,3,48,0,3,80
480,tie_interceptor89,0,18,816,0,0,3,0,0,3,335,0,54,0,0,0,100,0,0,0,0,9999,941,73,1,0,1,40,0,0,813,3,48,0,4,80
481,tie_interceptor89,0,18,817,0,0,3,0,0,1,335,0,54,0,0,0,100,0,0,0,0,9999,941,73,1,0,1,40,0,0,821,3,48,0,4,80
482,tie_interceptor89,0,18,818,0,0,3,0,0,1,335,0,55,0,0,0,100,0,0,0,0,9999,941,73,1,0,1,40,0,0,829,3,48,0,4,80
483,tie_interceptor89,0,18,819,0,0,3,0,0,1,335,0,55,0,0,0,100,0,0,0,0,9999,941,73,1,0,1,40,0,0,837,3,48,0,4,80
484,tie_interceptor89,0,18,820,0,0,3,0,0,2,335,0,55,0,0,0,100,0,0,0,0,9999,940,73,1,0,1,40,0,0,845,3,48,0,4,80
485,tie_interceptor89,0,18,821,0,0,3,0,0,1,335,0,55,0,0,0,100,0,0,0,0,9999,940,73,1,0,1,40,0,0,853,3,48,0,4,80
486,tie_interceptor89,0,18,822,0,0,3,0,0,1,335,0,55,0,0,0,100,0,0,0,0,9999,940,73,1,0,1,40,0,0,861,3,48,0,4,80
487,tie_interceptor89,0,18,823,0,0,3,0,0,1,335,0,56,0,0,0,100,0,0,0,0,9999,940,73,1,0,1,40,0,0,869,3,48,0,4,80
488,tie_interceptor89,0,18,824,0,0,3,0,0,2,335,0,56,0,0,0,100,0,0,0,0,9999,939,73,1,0,1,40,0,0,877,3,48,0,4,80
489,tie_interceptor89,0,18,825,0,0,3,0,0,1,335,0,56,0,0,0,100,0,0,0,0,9999,939,73,1,0,1,40,0,0,885,3,48,0,4,80
490,tie_interceptor89,0,18,826,0,0,3,0,0,1,335,0,56,0,0,0,100,0,0,0,0,9999,939,73,1,0,1,40,0,0,893,3,48,0,4,80
491,tie_interceptor89,0,18,827,0,0,3,0,0,1,335,0,56,0,0,0,100,0,0,0,0,9999,939,73,1,0,1,40,0,0,901,3,48,0,4,80
492,tie_interceptor89,0,18,828,0,0,3,0,0,1,335,0,57,0,0,0,100,0,0,0,0,9999,939,73,1,0,1,40,0,0,901,3,48,0,4,80
493,tie_interceptor89,0,18,829,0,0,3,0,0,1,335,0,57,0,0,0,100,0,0,0,0,9999,939,73,1,0,1,40,0,0,901,3,48,0,4,80
494,tie_interceptor89,0,18,830,0,0,3,0,0,1,335,0,57,0,0,0,100,0,0,0,0,9999,939,73,1,0,1,40,0,0,901,3,48,0,4,80
495,tie_interceptor89,0,18,831,0,0,3,0,0,1,335,0,57,0,0,0,100,0,0,0,0,9999,939,73,1,0,1,40,0,0,901,3,48,0,4,80
496,tie_interceptor89,0,18,832,0,0,3,0,0,2,335,0,57,0,0,0,100,0,0,0,0,9999,939,73,1,0,1,40,0,0,901,3,48,0,4,80
497,tie_interceptor89,0,18,833,0,0,3,0,0,1,335,0,57,0,0,0,100,0,0,0,0,9999,939,73,1,0,1,40,0,0,901,3,48,0,4,80
498,tie_interceptor89,0,18,834,0,0,3,0,0,1,335,0,58,0,0,0,100,0,0,0,0,9999,939,73,1,0,1,40,0,0,901,3,48,0,4,80
499,tie_interceptor89,0,18,835,0,0,3,0,0,1,335,0,58,0,0,0,100,0,0,0,0,9999,939,73,1,0,1,40,0,0,901,3,48,0,4,80
500,tie_interceptor89,0,18,836,0,0,3,0,0,1,335,0,58,0,0,0,100,0,0,0,0,9999,939,73,1,0,1,40,0,0,901,3,48,0,4,80
501,tie_interceptor89,0,18,837,0,0,3,0,0,1,335,0,58,0,0,0,100,0,0,0,0,9999,939,73,1,0,1,40,0,0,901,3,48,0,4,80
502,tie_interceptor89,0,18,838,0,0,3,0,0,1,335,0,58,0,0,0,100,0,0,0,0,9999,939,73,1,0,1,40,0,0,901,3,48,0,4,80
503,tie_interceptor89,0,18,839,0,0,3,0,0,1,335,0,59,0,0,0,100,0,0,0,0,9999,939,73,1,0,1,40,0,0,901,3,48,0,4,80
504,tie_interceptor89,0,18,840,0,0,3,0,0,1,335,0,59,0,0,0,100,0,0,0,0,9999,939,73,1,0,1,40,0,0,901,3,48,0,4,80
505,tie_interceptor89,0,18,841,0,0,3,0,0,1,335,0,59,0,0,0,100,0,0,0,0,9999,939,73,1,0,1,40,0,0,901,3,48,0,4,80
506,tie_interceptor89,0,18,842,0,0,3,0,0,1,335,0,59,0,0,0,100,0,0,0,0,9999,939,73,1,0,1,40,0,0,901,3,48,0,4,80
507,tie_interceptor89,0,18,843,0,0,3,0,0,1,335,0,59,0,0,0,100,0,0,0,0,9999,939,73,1,0,1,40,0,0,901,3,48,0,4,80
508,tie_interceptor89,0,18,843,0,0,3,0,0,1,335,0,60,0,0,0,100,0,0,0,0,9999,939,73,1,0,1,40,0,0,901,3,48,0,4,80
509,tie_interceptor89,0,18,844,0,0,3,0,0,1,335,0,60,0,0,0,100,0,0,0,0,9999,939,73,1,0,1,40,0,0,901,3,48,0,5,80
510,tie_interceptor89,0,18,845,0,0,3,0,0,3,335,0,60,0,0,0,100,0,0,0,0,9999,938,72,1,0,1,40,0,0,909,3,48,0,5,80
511,tie_interceptor89,0,18,846,0,0,3,0,0,1,335,0,60,0,0,0,100,0,0,0,0,9999,938,72,1,0,1,40,0,0,917,3,48,0,5,80
512,tie_interceptor89,0,18,847,0,0,3,0,0,2,335,0,60,0,0,0,100,0,0,0,0,9999,938,72,1,0,1,40,0,0,925,3,48,0,5,80
513,tie_interceptor89,0,18,848,0,0,3,0,0,1,335,0,60,0,0,0,100,0,0,0,0,9999,938,72,1,0,1,40,0,0,933,3,48,0,5,79
514,tie_interceptor89,0,18,849,0,0,3,0,0,2,335,0,61,0,0,0,100,0,0,0,0,9999,937,72,1,0,1,40,0,0,941,3,48,0,5,79
515,tie_interceptor89,0,18,849,0,0,3,0,0,1,335,0,61,0,0,0,100,0,0,0,0,9999,937,72,1,0,1,40,0,0,949,3,48,0,5,79
516,tie_interceptor89,0,18,850,0,0,3,0,0,1,335,0,61,0,0,0,100,0,0,0,0,9999,937,72,1,0,1,40,0,0,957,3,48,0,5,79
517,tie_interceptor89,0,18,851,0,0,3,0,0,1,335,0,61,0,0,0,100,0,0,0,0,9999,937,72,1,0,1,40,0,0,965,3,48,0,5,79
518,tie_interceptor89,0,18,852,0,0,3,0,0,2,335,0,61,0,0,0,100,0,0,0,0,9999,936,72,1,0,1,40,0,0,973,3,48,0,5,79
519,tie_interceptor89,0,18,853,0,0,3,0,0,1,335,0,62,0,0,0,100,0,0,0,0,9999,936,72,1,0,1,40,0,0,981,3,48,0,5,79
520,tie_interceptor89,0,18,854,0,0,3,0,0,1,335,0,62,0,0,0,100,0,0,0,0,9999,936,72,1,0,1,40,0,0,989,3,48,0,5,79
521,tie_interceptor89,0,18,854,0,0,3,0,0,1,335,0,62,0,0,0,100,0,0,0,0,9999,936,72,1,0,1,40,0,0,997,3,48,0,5,79
522,tie_interceptor89,0,18,855,0,0,3,0,0,2,335,0,62,0,0,0,100,0,0,0,0,9999,935,72,1,0,1,40,0,0,1005,3,48,0,5,79
523,tie_interceptor89,0,18,856,0,0,3,0,0,1,335,0,62,0,0,0,100,0,0,0,0,9999,935,72,1,0,1,40,0,0,1013,3,48,0,5,79
524,tie_interceptor89,0,18,857,0,0,2,0,0,1,335,0,63,0,0,0,100,0,0,0,0,9999,935,72,1,0,1,40,0,0,1021,3,48,0,5,79
525,tie_interceptor89,0,18,858,0,0,2,0,0,1,335,0,63,0,0,0,100,0,0,0,0,9999,935,72,1,0,1,40,0,0,1029,3,48,0,5,79
526,tie_interceptor89,0,18,858,0,0,2,0,0,1,335,0,63,0,0,0,100,0,0,0,0,9999,935,72,1,0,1,40,0,0,1029,3,48,0,5,79
527,tie_interceptor89,0,18,859,0,0,2,0,0,1,335,0,63,0,0,0,100,0,0,0,0,9999,935,72,1,0,1,40,0,0,1029,3,48,0,5,79
528,tie_interceptor89,0,18,860,0,0,2,0,0,2,335,0,63,0,0,0,100,0,0,0,0,9999,935,72,1,0,1,40,0,0,1029,3,48,0,5,79
529,tie_interceptor89,0,18,861,0,0,2,0,0,1,335,0,63,0,0,0,100,0,0,0,0,9999,935,72,1,0,1,40,0,0,1029,3,48,0,5,79
530,tie_interceptor89,0,18,861,0,0,2,0,0,1,335,0,64,0,0,0,100,0,0,0,0,9999,935,72,1,0,1,40,0,0,1029,3,48,0,5,79
531,tie_interceptor89,0,18,862,0,0,2,0,0,1,335,0,64,0,0,0,100,0,0,0,0,9999,935,72,1,0,1,40,0,0,1029,3,48,0,5,79
532,tie_interceptor89,0,18,863,0,0,2,0,0,1,335,0,64,0,0,0,100,0,0,0,0,9999,935,72,1,0,1,40,0,0,1029,3,48,0,5,79
533,tie_interceptor89,0,18,864,0,0,2,0,0,1,335,0,64,0,0,0,100,0,0,0,0,9999,935,72,1,0,1,40,0,0,1029,3,48,0,5,79
534,tie_interceptor89,0,18,865,0,0,2,0,0,1,335,0,64,0,0,0,100,0,0,0,0,9999,935,72,1,0,1,40,0,0,1029,3,48,0,5,79
535,tie_interceptor89,0,18,865,0,0,2,0,0,1,335,0,65,0,0,0,100,0,0,0,0,9999,935,72,1,0,1,40,0,0,1029,3,48,0,5,79
536,tie_interceptor89,0,18,866,0,0,2,0,0,1,335,0,65,0,0,0,100,0,0,0,0,9999,935,72,1,0,1,40,0,0,1029,3,48,0,5,79
537,tie_interceptor89,0,18,867,0,0,2,0,0,1,335,0,65,0,0,0,100,0,0,0,0,9999,935,72,1,0,1,40,0,0,1029,3,48,0,6,79
538,tie_interceptor89,0,18,868,0,0,2,0,0,1,335,0,65,0,0,0,100,0,0,0,0,9999,935,72,1,0,1,40,0,0,1029,3,48,0,6,79
539,tie_interceptor89,0,18,868,0,0,2,0,0,1,335,0,65,0,0,0,100,0,0,0,0,9999,935,72,1,0,1,40,0,0,1029,3,48,0,6,79
540,tie_interceptor89,0,18,869,0,0,2,0,0,1,335,0,66,0,0,0,100,0,0,0,0,9999,935,72,1,0,1,39,0,0,1029,3,48,0,6,79
541,tie_interceptor89,0,18,870,0,0,2,0,0,1,335,0,66,0,0,0,100,0,0,0,0,9999,935,72,1,0,1,38,0,0,1029,3,48,0,6,79
542,tie_interceptor89,0,18,871,0,0,2,0,0,1,335,0,66,0,0,0,100,0,0,0,0,9999,935,72,1,0,1,37,0,0,1029,3,48,0,6,79
543,tie_interceptor89,0,18,871,0,0,2,0,0,1,335,0,66,0,0,0,100,0,0,0,0,9999,935,72,1,0,1,36,0,0,1029,3,48,0,6,79
544,tie_interceptor89,0,18,872,0,0,2,0,0,4,335,0,66,0,0,0,100,0,0,0,0,9999,934,71,1,0,1,35,0,0,1037,3,48,0,6,79
545,tie_interceptor89,0,18,873,0,0,2,0,0,1,335,0,66,0,0,0,100,0,0,0,0,9999,934,71,1,0,1,34,0,0,1045,3,48,0,6,79
546,tie_interceptor89,0,18,874,0,0,2,0,0,1,335,0,67,0,0,0,100,0,0,0,0,9999,934,71,1,0,1,33,0,0,1053,3,48,0,6,79
547,tie_interceptor89,0,18,874,0,0,2,0,0,1,335,0,67,0,0,0,100,0,0,0,0,9999,934,71,1,0,1,32,0,0,1061,3,48,0,6,79
548,tie_interceptor89,0,18,875,0,0,2,0,0,2,335,0,67,0,0,0,100,0,0,0,0,9999,933,71,1,0,1,31,0,0,1069,3,48,0,6,79
549,tie_interceptor89,0,18,876,0,0,2,0,0,1,335,0,67,0,0,0,100,0,0,0,0,9999,933,71,1,0,1,30,0,0,1077,3,48,0,6,79
550,tie_interceptor89,0,18,877,0,0,2,0,0,1,335,0,67,0,0,0,100,0,0,0,0,9999,933,71,1,0,1,29,0,0,1085,3,48,0,6,79
551,tie_interceptor89,0,18,877,0,0,2,0,0,1,335,0,68,0,0,0,100,0,0,0,0,9999,933,71,1,0,1,28,0,0,1093,3,48,0,6,79
552,tie_interceptor89,0,18,878,0,0,2,0,0,2,335,0,68,0,0,0,100,0,0,0,0,9999,932,71,1,0,1,27,0,0,1101,3,48,0,6,79
553,tie_interceptor89,0,18,879,0,0,2,0,0,1,335,0,68,0,0,0,100,0,0,0,0,9999,932,71,1,0,1,26,0,0,1109,3,48,0,6,79
554,tie_interceptor89,0,18,880,0,0,2,0,0,1,335,0,68,0,0,0,100,0,0,0,0,9999,932,71,1,0,1,25,0,0,1117,3,48,0,6,79
555,tie_interceptor89,0,18,880,0,0,2,0,0,1,335,0,68,0,0,0,100,0,0,0,0,9999,932,71,1,0,1,24,0,0,1125,3,48,0,6,79
556,tie_interceptor89,0,18,881,0,0,2,0,0,2,335,0,69,0,0,0,100,0,0,0,0,9999,931,71,1,0,1,23,0,0,1133,3,48,0,6,79
557,tie_interceptor89,0,18,882,0,0,2,0,0,1,335,0,69,0,0,0,100,0,0,0,0,9999,931,71,1,0,1,22,0,0,1141,3,48,0,6,79
558,tie_interceptor89,0,18,883,0,0,2,0,0,1,335,0,69,0,0,0,100,0,0,0,0,9999,931,71,1,0,1,21,0,0,1149,3,48,0,6,79
559,tie_interceptor89,0,18,883,0,0,2,0,0,1,335,0,69,0,0,0,100,0,0,0,0,9999,931,71,1,0,1,20,0,0,1157,3,48,0,6,79
560,tie_interceptor89,0,18,884,0,0,2,0,0,2,335,0,69,0,0,0,100,0,0,0,0,9999,931,71,1,0,1,19,0,0,1157,3,48,0,6,79
561,tie_interceptor89,0,18,885,0,0,2,0,0,1,335,0,69,0,0,0,100,0,0,0,0,9999,931,71,1,0,1,18,0,0,1157,3,48,0,6,79
562,tie_interceptor89,0,18,886,0,0,2,0,0,1,335,0,70,0,0,0,100,0,0,0,0,9999,931,71,1,0,1,17,0,0,1157,3,48,0,6,79
563,tie_interceptor89,0,18,886,0,0,2,0,0,1,335,0,70,0,0,0,100,0,0,0,0,9999,931,71,1,0,1,16,0,0,1157,3,48,0,6,79
564,tie_interceptor89,0,18,887,0,0,2,0,0,1,335,0,70,0,0,0,100,0,0,0,0,9999,931,71,1,0,1,15,0,0,1157,3,48,0,6,79
565,tie_interceptor89,0,18,888,0,0,2,0,0,1,335,0,70,0,0,0,100,0,0,0,0,9999,931,71,1,0,1,14,0,0,1157,3,48,0,7,79
566,tie_interceptor89,0,18,889,0,0,2,0,0,1,335,0,70,0,0,0,100,0,0,0,0,9999,931,71,1,0,1,13,0,0,1157,3,48,0,7,79
567,tie_interceptor89,0,18,889,0,0,2,0,0,1,335,0,71,0,0,0,100,0,0,0,0,9999,931,71,1,0,1,12,0,0,1157,3,48,0,7,79
568,tie_interceptor89,0,18,890,0,0,2,0,0,1,335,0,71,0,0,0,100,0,0,0,0,9999,931,71,1,0,1,11,0,0,1157,3,48,0,7,79
569,tie_interceptor89,0,18,891,0,0,2,0,0,1,335,0,71,0,0,0,100,0,0,0,0,9999,931,71,1,0,1,10,0,0,1157,3,48,0,7,79
570,tie_interceptor89,0,18,892,0,0,2,0,0,1,335,0,71,0,0,0,100,0,0,0,0,9999,931,71,1,0,1,9,0,0,1157,3,48,0,7,79
571,tie_interceptor89,0,18,892,0,0,2,0,0,1,335,0,71,0,0,0,100,0,0,0,0,9999,931,71,1,0,1,8,0,0,1157,3,48,0,7,79
572,tie_interceptor89,0,18,893,0,0,2,0,0,1,335,0,72,0,0,0,100,0,0,0,0,9999,931,71,1,0,1,7,0,0,1157,3,48,0,7,79
573,tie_interceptor89,0,18,894,0,0,2,0,0,1,335,0,72,0,0,0,100,0,0,0,0,9999,931,71,1,0,1,6,0,0,1157,3,48,0,7,79
574,tie_interceptor89,0,18,895,0,0,2,0,0,1,335,0,72,0,0,0,100,0,0,0,0,9999,931,71,1,0,1,5,0,0,1157,3,48,0,7,79
575,tie_interceptor89,0,18,895,0,0,2,0,0,1,335,0,72,0,0,0,100,0,0,0,0,9999,931,71,1,0,1,4,0,0,1157,3,48,0,7,79
576,tie_interceptor89,0,18,896,0,0,2,0,0,2,335,0,72,0,0,0,100,0,0,0,0,9999,931,71,1,0,1,3,0,0,1157,3,48,0,7,79
577,tie_interceptor89,0,18,897,0,0,2,0,0,1,335,0,72,0,0,0,100,0,0,0,0,9999,931,71,1,0,1,2,0,0,1157,3,48,0,7,79
578,tie_interceptor89,0,18,898,0,0,2,0,0,3,335,0,73,0,0,0,100,0,0,0,0,9999,930,70,1,0,1,1,0,0,1165,3,48,0,7,79
579,tie_interceptor89,0,18,898,0,0,2,0,0,1,335,0,73,0,0,0,100,0,0,0,0,9999,930,70,1,0,1,0,0,0,1173,3,48,0,7,79
580,tie_interceptor89,0,18,899,0,0,2,0,0,1,335,0,73,0,0,0,100,0,0,0,0,9999,930,70,1,0,1,0,0,0,1181,3,48,0,7,79
581,tie_interceptor89,0,18,900,0,0,2,0,0,1,335,0,73,0,0,0,100,0,0,0,0,9999,930,70,1,0,1,0,0,0,1189,3,48,0,7,79
582,tie_interceptor89,0,18,901,0,0,2,0,0,2,335,0,73,0,0,0,100,0,0,0,0,9999,929,70,1,0,1,0,0,0,1197,3,48,0,7,79
583,tie_interceptor89,0,18,901,0,0,2,0,0,1,335,0,74,0,0,0,100,0,0,0,0,9999,929,70,1,0,1,0,0,0,1205,3,48,0,7,79
584,tie_interceptor89,0,18,902,0,0,2,0,0,1,335,0,74,0,0,0,100,0,0,0,0,9999,929,70,1,0,1,0,0,0,1213,3,48,0,7,79
585,tie_interceptor89,0,18,903,0,0,2,0,0,1,335,0,74,0,0,0,100,0,0,0,0,9999,929,70,1,0,1,0,0,0,1221,3,48,0,7,79
586,tie_interceptor89,0,18,904,0,0,2,0,0,2,335,0,74,0,0,0,100,0,0,0,0,9999,928,70,1,0,1,0,0,0,1229,3,48,0,7,79
587,tie_interceptor89,0,18,904,0,0,2,0,0,1,335,0,74,0,0,0,100,0,0,0,0,9999,928,70,1,0,1,0,0,0,1237,3,48,0,7,79
588,tie_interceptor89,0,18,905,0,0,2,0,0,1,335,0,75,0,0,0,100,0,0,0,0,9999,928,70,1,0,1,0,0,0,1245,3,48,0,7,79
589,tie_interceptor89,0,18,906,0,0,2,0,0,1,335,0,75,0,0,0,100,0,0,0,0,9999,928,70,1,0,1,0,0,0,1253,3,48,0,7,79
590,tie_interceptor89,0,18,907,0,0,2,0,0,2,335,0,75,0,0,0,100,0,0,0,0,9999,927,70,1,0,1,0,0,0,1261,3,48,0,7,79
591,tie_interceptor89,0,18,907,0,0,2,0,0,1,335,0,75,0,0,0,100,0,0,0,0,9999,927,70,1,0,1,0,0,0,1269,3,48,0,7,79
592,tie_interceptor89,0,18,908,0,0,2,0,0,1,335,0,75,0,0,0,100,0,0,0,0,9999,927,70,1,0,1,0,0,0,1277,3,48,0,7,79
593,tie_interceptor89,0,18,909,0,0,2,0,0,2,335,0,75,0,0,0,100,0,0,0,0,9999,927,70,1,0,1,0,0,0,1285,3,48,0,0,85
594,tie_interceptor89,0,18,910,0,0,2,0,0,1,335,0,76,0,0,0,100,0,0,0,0,9999,927,70,1,0,1,0,0,0,1285,3,48,0,0,85
595,tie_interceptor89,0,18,910,0,0,2,0,0,1,335,0,76,0,0,0,100,0,0,0,0,9999,927,70,1,0,1,0,0,0,1285,3,48,0,0,85
596,tie_interceptor89,0,18,911,0,0,2,0,0,1,335,0,76,0,0,0,100,0,0,0,0,9999,927,70,1,0,1,0,0,0,1285,3,48,0,0,85
597,tie_interceptor89,0,18,912,0,0,2,0,0,1,335,0,76,0,0,0,100,0,0,0,0,9999,927,70,1,0,1,0,0,0,1285,3,48,0,0,85
598,tie_interceptor89,0,18,913,0,0,2,0,0,1,335,0,76,0,0,0,100,0,0,0,0,9999,927,70,1,0,1,0,0,0,1285,3,48,0,0,85
599,tie_interceptor89,0,18,913,0,0,2,0,0,1,335,0,77,0,0,0,100,0,0,0,0,9999,927,70,1,0,1,0,0,0,1285,3,48,0,0,85
600,tie_interceptor89,0,18,914,0,0,2,0,0,1,335,0,77,0,0,0,100,0,0,0,0,9999,927,70,1,0,1,0,0,0,1285,3,48,0,0,85
601,tie_interceptor89,0,18,915,0,0,2,0,0,1,335,0,77,0,0,0,100,0,0,0,0,9999,927,70,1,0,1,0,0,0,1285,3,48,0,0,85
602,tie_interceptor89,0,18,916,0,0,2,0,0,1,335,0,77,0,0,0,100,0,0,0,0,9999,927,70,1,0,1,0,0,0,1285,3,48,0,0,85
603,tie_interceptor89,0,18,916,0,0,2,0,0,1,335,0,77,0,0,0,100,0,0,0,0,9999,927,70,1,0,1,0,0,0,1285,3,48,0,0,85
604,tie_interceptor89,0,18,917,0,0,2,0,0,1,335,0,78,0,0,0,100,0,0,0,0,9999,927,70,1,0,1,0,0,0,1285,3,48,0,0,85
605,tie_interceptor89,0,18,918,0,0,2,0,0,1,335,0,78,0,0,0,100,0,0,0,0,9999,927,70,1,0,1,0,0,0,1285,3,48,0,0,85
606,tie_interceptor89,0,18,919,0,0,2,0,0,1,335,0,78,0,0,0,100,0,0,0,0,9999,927,70,1,0,1,0,0,0,1285,3,48,0,0,85
607,tie_interceptor89,0,18,919,0,0,2,0,0,1,335,0,78,0,0,0,100,0,0,0,0,9999,927,70,1,0,1,0,0,0,1285,3,48,0,0,85
608,tie_interceptor89,0,18,920,0,0,2,0,0,1,335,0,78,0,0,0,100,0,0,0,0,9999,927,70,1,0,1,0,0,0,1285,3,48,0,0,85
609,tie_interceptor89,0,18,921,0,0,2,0,0,1,335,0,78,0,0,0,100,0,0,0,0,9999,927,70,1,0,1,0,0,0,1285,3,48,0,0,85
610,tie_interceptor89,0,18,922,0,0,2,0,0,1,335,0,79,0,0,0,100,0,0,0,0,9999,927,70,1,0,1,0,0,0,1285,3,48,0,0,85
611,tie_interceptor89,0,18,922,0,0,2,0,0,1,335,0,79,0,0,0,100,0,0,0,0,9999,927,70,1,0,1,0,0,0,1285,3,48,0,0,85
612,tie_interceptor89,0,18,923,0,0,2,0,0,3,335,0,79,0,0,0,100,0,0,0,0,9999,926,69,1,0,1,0,0,0,1293,3,48,0,0,85
613,tie_interceptor89,0,18,924,0,0,2,0,0,1,335,0,79,0,0,0,100,0,0,0,0,9999,926,69,1,0,1,0,0,0,1301,3,48,0,0,85
614,tie_interceptor89,0,18,925,0,0,2,0,0,1,335,0,79,0,0,0,100,0,0,0,0,9999,926,69,1,0,1,0,0,0,1309,3,48,0,0,85
615,tie_interceptor89,0,18,925,0,0,2,0,0,1,335,0,80,0,0,0,100,0,0,0,0,9999,926,69,1,0,1,0,0,0,1317,3,48,0,0,85
616,tie_interceptor89,0,18,926,0,0,2,0,0,2,335,0,80,0,0,0,100,0,0,0,0,9999,925,69,1,0,1,0,0,0,1325,3,48,0,0,85
617,tie_interceptor89,0,18,927,0,0,2,0,0,1,335,0,80,0,0,0,100,0,0,0,0,9999,925,69,1,0,1,0,0,0,1333,3,48,0,0,85
618,tie_interceptor89,0,18,928,0,0,2,0,0,1,335,0,80,0,0,0,100,0,0,0,0,9999,925,69,1,0,1,0,0,0,1341,3,48,0,0,85
619,tie_interceptor89,0,18,928,0,0,2,0,0,1,335,0,80,0,0,0,100,0,0,0,0,9999,925,69,1,0,1,0,0,0,1349,3,48,0,0,85
620,tie_interceptor89,0,18,929,0,0,2,0,0,1,335,0,81,0,0,0,100,0,0,0,0,9999,924,69,1,0,0,0,0,0,1349,3,48,0,0,85
621,tie_interceptor89,0,18,930,0,0,2,0,0,0,335,0,81,0,0,0,100,0,0,0,0,9999,924,69,1,0,0,0,0,0,1349,3,48,0,0,85
622,tie_interceptor89,0,18,931,0,0,2,0,0,0,335,0,81,0,0,0,100,0,0,0,0,9999,924,69,1,0,0,0,0,0,1349,3,48,0,0,85
623,tie_interceptor89,0,18,931,0,0,2,0,0,0,335,0,81,0,0,0,100,0,0,0,0,9999,924,69,1,0,0,0,0,0,1349,3,48,0,1,85
624,tie_interceptor89,0,18,932,0,0,2,0,0,1,335,0,81,0,0,0,100,0,0,0,0,9999,923,69,1,0,0,0,0,0,1349,3,48,0,1,85
625,tie_interceptor89,0,18,933,0,0,2,0,0,0,335,0,81,0,0,0,100,0,0,0,0,9999,923,69,1,0,0,0,0,0,1349,3,48,0,1,85
626,tie_interceptor89,0,18,934,0,0,2,0,0,0,335,0,82,0,0,0,100,0,0,0,0,9999,923,69,1,0,0,0,0,0,1349,3,48,0,1,85
627,tie_interceptor89,0,18,934,0,0,2,0,0,0,335,0,82,0,0,0,100,0,0,0,0,9999,923,69,1,0,0,0,0,0,1349,3,48,0,1,85
628,tie_interceptor89,0,18,935,0,0,2,0,0,0,335,0,82,0,0,0,100,0,0,0,0,9999,923,69,1,0,0,0,0,0,1349,3,48,0,1,85
629,tie_interceptor89,0,18,936,0,0,2,0,0,0,335,0,82,0,0,0,100,0,0,0,0,9999,923,69,1,0,0,0,0,0,1349,3,48,0,1,85
630,tie_interceptor89,0,18,937,0,0,2,0,0,0,335,0,82,0,0,0,100,0,0,0,0,9999,923,69,1,0,0,40,0,0,1349,3,48,0,1,85
631,tie_interceptor89,0,18,937,0,0,2,0,0,0,335,0,83,0,0,0,100,0,0,0,0,9999,923,69,1,0,0,40,0,0,1349,3,48,0,1,85
632,tie_interceptor89,0,18,938,0,0,2,0,0,0,335,0,83,0,0,0,100,0,0,0,0,9999,923,69,1,0,0,40,0,0,1349,3,48,0,1,85
633,tie_interceptor89,0,18,939,0,0,2,0,0,0,335,0,83,0,0,0,100,0,0,0,0,9999,923,69,1,0,0,40,0,0,1349,3,48,0,1,85
634,tie_interceptor89,0,18,940,0,0,2,0,0,0,335,0,83,0,0,0,100,0,0,0,0,9999,923,69,1,0,0,40,0,0,1349,3,48,0,1,85
635,tie_interceptor89,0,18,940,0,0,2,0,0,0,335,0,83,0,0,0,100,0,0,0,0,9999,923,69,1,0,0,40,0,0,1349,3,48,0,1,85
636,tie_interceptor89,0,18,941,0,0,2,0,0,0,335,0,84,0,0,0,100,0,0,0,0,9999,923,69,1,0,0,40,0,0,1349,3,48,0,1,85
637,tie_interceptor89,0,18,942,0,0,2,0,0,0,335,0,84,0,0,0,100,0,0,0,0,9999,923,69,0,0,0,40,0,0,1349,3,48,0,1,85
638,tie_interceptor89,0,18,943,0,0,2,0,0,0,335,0,84,0,0,0,100,0,0,0,0,9999,923,69,0,0,0,40,0,0,1349,3,48,0,1,85
639,tie_interceptor89,0,18,943,0,0,2,0,0,0,335,0,84,0,0,0,100,0,0,0,0,9999,923,69,0,0,0,40,0,0,1349,3,48,0,1,85
640,tie_interceptor89,0,18,944,0,0,2,0,0,1,335,0,84,0,0,0,100,0,0,0,0,9999,923,69,0,0,0,40,0,0,1349,3,48,0,1,85
641,tie_interceptor89,0,18,945,0,0,2,0,0,0,335,0,84,0,0,0,100,0,0,0,0,9999,923,69,0,0,0,40,0,0,1349,3,48,0,1,84
642,tie_interceptor89,0,18,946,0,0,2,0,0,0,335,0,85,0,0,0,100,0,0,0,0,9999,923,69,0,0,0,40,0,0,1349,3,48,0,1,84
643,tie_interceptor89,0,18,946,0,0,2,0,0,0,335,0,85,0,0,0,100,0,0,0,0,9999,923,69,0,0,0,40,0,0,1349,3,48,0,1,84
644,tie_interceptor89,0,18,947,0,0,2,0,0,0,335,0,85,0,0,0,100,0,0,0,0,9999,923,69,0,0,0,40,0,0,1349,3,48,0,1,84
645,tie_interceptor89,0,18,948,0,0,2,0,0,0,335,0,85,0,0,0,100,0,0,0,0,9999,923,69,0,0,0,40,0,0,1349,3,48,0,1,84
646,tie_interceptor89,0,18,949,0,0,2,0,0,1,335,0,85,0,0,0,100,0,0,0,0,9999,922,69,0,0,0,40,0,0,1349,3,48,0,1,84
647,tie_interceptor89,0,18,949,0,0,2,0,0,0,335,0,86,0,0,0,100,0,0,0,0,9999,922,69,0,0,0,40,0,0,1349,3,48,0,1,84
648,tie_interceptor89,0,18,950,0,0,2,0,0,0,335,0,86,0,0,0,100,0,0,0,0,9999,922,69,0,0,0,40,0,0,1349,3,48,0,1,84
649,tie_interceptor89,0,18,951,0,0,2,0,0,0,335,0,86,0,0,0,100,0,0,0,0,9999,922,69,0,0,0,40,0,0,1349,3,48,0,1,84
650,tie_interceptor89,0,18,952,0,0,2,0,0,1,335,0,86,0,0,0,100,0,0,0,0,9999,921,69,0,0,0,40,0,0,1349,3,48,0,1,84
651,tie_interceptor89,0,18,953,0,0,2,0,0,0,335,0,86,0,0,0,100,0,0,0,0,9999,921,69,0,0,0,40,0,0,1349,3,48,0,1,84
652,tie_interceptor89,0,18,953,0,0,2,0,0,0,335,0,87,0,0,0,100,0,0,0,0,9999,921,69,0,0,0,40,0,0,1349,3,48,0,2,84
653,tie_interceptor89,0,18,954,0,0,3,0,0,0,335,0,87,0,0,0,100,0,0,0,0,9999,921,69,0,0,0,40,0,0,1349,3,48,0,2,84
654,tie_interceptor89,0,18,955,0,0,3,0,0,1,335,0,87,0,0,0,100,0,0,0,0,9999,920,69,0,0,0,40,0,0,1349,3,48,0,2,84
655,tie_interceptor89,0,18,956,0,0,3,0,0,0,335,0,87,0,0,0,100,0,0,0,0,9999,920,69,0,0,0,40,0,0,1349,3,48,0,2,84
656,tie_interceptor89,0,18,957,0,0,3,0,0,1,335,0,87,0,0,0,100,0,0,0,0,9999,920,69,0,0,0,40,0,0,1349,3,48,0,2,84
657,tie_interceptor89,0,18,957,0,0,3,0,0,0,335,0,87,0,0,0,100,0,0,0,0,9999,920,69,0,0,0,40,0,0,1349,3,48,0,2,84
658,tie_interceptor89,0,18,958,0,0,3,0,0,1,335,0,88,0,0,0,100,0,0,0,0,9999,919,69,0,0,0,40,0,0,1349,3,48,0,2,84
659,tie_interceptor89,0,18,959,0,0,3,0,0,0,335,0,88,0,0,0,100,0,0,0,0,9999,919,69,0,0,0,40,0,0,1349,3,48,0,2,84
660,tie_interceptor89,0,18,960,0,0,3,0,0,0,335,0,88,0,0,0,100,0,0,0,0,9999,919,69,0,0,0,40,0,0,1349,3,48,0,2,84
661,tie_interceptor89,0,18,961,0,0,3,0,0,0,335,0,88,0,0,0,100,0,0,0,0,9999,919,69,0,0,0,40,0,0,1349,3,48,0,2,84
662,tie_interceptor89,0,18,962,0,0,3,0,0,0,335,0,88,0,0,0,100,0,0,0,0,9999,919,69,0,0,0,40,0,0,1349,3,48,0,2,84
663,tie_interceptor89,0,18,963,0,0,3,0,0,0,335,0,89,0,0,0,100,0,0,0,0,9999,919,69,0,0,0,40,0,0,1349,3,48,0,2,84
664,tie_interceptor89,0,18,964,0,0,3,0,0,0,335,0,89,0,0,0,100,0,0,0,0,9999,919,69,0,0,0,40,0,0,1349,3,48,0,2,84
665,tie_interceptor89,0,18,964,0,0,3,0,0,0,335,0,89,0,0,0,100,0,0,0,0,9999,919,69,0,0,0,40,0,0,1349,3,48,0,2,84
666,tie_interceptor89,0,18,965,0,0,3,0,0,0,335,0,89,0,0,0,100,0,0,0,0,9999,919,69,0,0,0,40,0,0,1349,3,48,0,2,84
667,tie_interceptor89,0,18,966,0,0,3,0,0,0,335,0,89,0,0,0,100,0,0,0,0,9999,919,69,0,0,0,40,0,0,1349,3,48,0,2,84
668,tie_interceptor89,0,18,967,0,0,3,0,0,0,335,0,90,0,0,0,100,0,0,0,0,9999,919,69,0,0,0,40,0,0,1349,3,48,0,2,84
669,tie_interceptor89,0,18,968,0,0,3,0,0,0,335,0,90,0,0,0,100,0,0,0,0,9999,919,69,0,0,0,40,0,0,1349,3,48,0,2,84
670,tie_interceptor89,0,18,969,0,0,3,0,0,0,335,0,90,0,0,0,100,0,0,0,0,9999,919,69,0,0,0,40,0,0,1349,3,48,0,2,84
671,tie_interceptor89,0,18,970,0,0,3,0,0,0,335,0,90,0,0,0,100,0,0,0,0,9999,919,69,0,0,0,40,0,0,1349,3,48,0,2,84
672,tie_interceptor89,0,18,971,0,0,3,0,0,1,335,0,90,0,0,0,100,0,0,0,0,9999,919,69,0,0,0,40,0,0,1349,3,48,0,2,84
673,tie_interceptor89,0,18,972,0,0,3,0,0,0,335,0,90,0,0,0,100,0,0,0,0,9999,919,69,0,0,0,40,0,0,1349,3,48,0,2,84
674,tie_interceptor89,0,18,973,0,0,3,0,0,0,335,0,91,0,0,0,100,0,0,0,0,9999,919,69,0,0,0,40,0,0,1349,3,48,0,2,84
675,tie_interceptor89,0,18,974,0,0,3,0,0,0,335,0,91,0,0,0,100,0,0,0,0,9999,919,69,0,0,0,40,0,0,1349,3,48,0,2,84
676,tie_interceptor89,0,18,975,0,0,3,0,0,0,335,0,91,0,0,0,100,0,0,0,0,9999,919,69,0,0,0,40,0,0,1349,3,48,0,2,84
677,tie_interceptor89,0,18,976,0,0,3,0,0,0,335,0,91,0,0,0,100,0,0,0,0,9999,919,69,0,0,0,40,0,0,1349,3,48,0,2,84
678,tie_interceptor89,0,18,977,0,0,3,0,0,0,335,0,91,0,0,0,100,0,0,0,0,9999,919,69,0,0,0,40,0,0,1349,3,48,0,2,84
679,tie_interceptor89,0,18,978,0,0,3,0,0,0,335,0,92,0,0,0,100,0,0,0,0,9999,919,69,0,0,0,40,0,0,1349,3,48,0,2,84
680,tie_interceptor89,0,18,979,0,0,3,0,0,1,335,0,92,0,0,0,100,0,0,0,0,9999,918,69,0,0,0,40,0,0,1349,3,48,0,2,84
681,tie_interceptor89,0,18,980,0,0,3,0,0,0,335,0,92,0,0,0,100,0,0,0,0,9999,918,69,0,0,0,40,0,0,1349,3,48,0,3,84
682,tie_interceptor89,0,18,980,0,0,3,0,0,0,335,0,92,0,0,0,100,0,0,0,0,9999,918,69,0,0,0,40,0,0,1349,3,48,0,3,84
683,tie_interceptor89,0,18,981,0,0,3,0,0,0,335,0,92,0,0,0,100,0,0,0,0,9999,918,69,0,0,0,40,0,0,1349,3,48,0,3,84
684,tie_interceptor89,0,18,982,0,0,3,0,0,1,335,0,93,0,0,0,100,0,0,0,0,9999,917,69,0,0,0,40,0,0,1349,3,48,0,3,84
685,tie_interceptor89,0,18,983,0,0,3,0,0,0,335,0,93,0,0,0,100,0,0,0,0,9999,917,69,0,0,0,40,0,0,1349,3,48,0,3,84
686,tie_interceptor89,0,18,984,0,0,3,0,0,0,335,0,93,0,0,0,100,0,0,0,0,9999,917,69,0,0,0,40,0,0,1349,3,48,0,3,84
687,tie_interceptor89,0,18,985,0,0,3,0,0,0,335,0,93,0,0,0,100,0,0,0,0,9999,917,69,0,0,0,40,0,0,1349,3,48,0,3,84
688,tie_interceptor89,0,18,986,0,0,3,0,0,2,335,0,93,0,0,0,100,0,0,0,0,9999,916,69,0,0,0,40,0,0,1349,3,48,0,3,84
689,tie_interceptor89,0,18,987,0,0,3,0,0,0,335,0,93,0,0,0,100,0,0,0,0,9999,916,69,0,0,0,40,0,0,1349,3,48,0,3,84
690,tie_interceptor89,0,18,988,0,0,3,0,0,0,335,0,94,0,0,0,100,0,0,0,0,9999,916,69,0,0,0,40,0,0,1349,3,48,0,3,84
691,tie_interceptor89,0,18,989,0,0,3,0,0,0,335,0,94,0,0,0,100,0,0,0,0,9999,916,69,0,0,0,40,0,0,1349,3,48,0,3,84
692,tie_interceptor89,0,18,990,0,0,3,0,0,1,335,0,94,0,0,0,100,0,0,0,0,9999,915,69,0,0,0,40,0,0,1349,3,48,0,3,84
693,tie_interceptor89,0,18,991,0,0,3,0,0,0,335,0,94,0,0,0,100,0,0,0,0,9999,915,69,0,0,0,40,0,0,1349,3,48,0,3,84
694,tie_interceptor89,0,18,992,0,0,3,0,0,0,335,0,94,0,0,0,100,0,0,0,0,9999,915,69,0,0,0,40,0,0,1349,3,48,0,3,84
695,tie_interceptor89,0,18,993,0,0,3,0,0,0,335,0,95,0,0,0,100,0,0,0,0,9999,915,69,0,0,0,40,0,0,1349,3,48,0,3,84
696,tie_interceptor89,0,18,994,0,0,3,0,0,0,335,0,95,0,0,0,100,0,0,0,0,9999,915,69,0,0,0,40,0,0,1349,3,48,0,3,84
697,tie_interceptor89,0,18,995,0,0,3,0,0,0,335,0,95,0,0,0,100,0,0,0,0,9999,915,69,0,0,0,40,0,0,1349,3,48,0,3,84
698,tie_interceptor89,0,18,996,0,0,3,0,0,0,335,0,95,0,0,0,100,0,0,0,0,9999,915,69,0,0,0,40,0,0,1349,3,48,0,3,84
699,tie_interceptor89,0,18,997,0,0,3,0,0,0,335,0,95,0,0,0,100,0,0,0,0,9999,915,69,0,0,0,40,0,0,1349,3,48,0,3,84
700,tie_interceptor89,0,18,998,0,0,3,0,0,0,335,0,96,0,0,0,100,0,0,0,0,9999,915,69,0,0,0,40,0,0,1349,3,48,0,3,84
701,tie_interceptor89,0,18,999,0,0,3,0,0,0,335,0,96,0,0,0,100,0,0,0,0,9999,915,69,0,0,0,40,0,0,1349,3,48,0,3,84
702,tie_interceptor89,0,18,1000,0,0,3,0,0,0,335,0,96,0,0,0,100,0,0,0,0,9999,915,69,0,0,0,40,0,0,1349,3,48,0,3,84
703,tie_interceptor89,0,18,1001,0,0,3,0,0,0,335,0,96,0,0,0,100,0,0,0,0,9999,915,69,0,0,0,40,0,0,1349,3,48,0,3,84
704,tie_interceptor89,0,18,1002,0,0,3,0,0,1,335,0,96,0,0,0,100,0,0,0,0,9999,915,69,0,0,0,40,0,0,1349,3,48,0,3,84
705,tie_interceptor89,0,18,1003,0,0,3,0,0,0,335,0,96,0,0,0,100,0,0,0,0,9999,915,69,0,0,0,40,0,0,1349,3,48,0,3,84
706,tie_interceptor89,0,18,1004,0,0,3,0,0,0,335,0,97,0,0,0,100,0,0,0,0,9999,915,69,0,0,0,40,0,0,1349,3,48,0,3,84
707,tie_interceptor89,0,18,1005,0,0,3,0,0,0,335,0,97,0,0,0,100,0,0,0,0,9999,915,69,0,0,0,40,0,0,1349,3,48,0,3,84
708,tie_interceptor89,0,18,1006,0,0,3,0,0,0,335,0,97,0,0,0,100,0,0,0,0,9999,915,69,0,0,0,40,0,0,1349,3,48,0,3,84
709,tie_interceptor89,0,18,1007,0,0,3,0,0,0,335,0,97,0,0,0,100,0,0,0,0,9999,915,69,0,0,0,40,0,0,1349,3,48,0,4,84
710,tie_interceptor89,0,18,1008,0,0,3,0,0,0,335,0,97,0,0,0,100,0,0,0,0,9999,915,69,0,0,0,40,0,0,1349,3,48,0,4,84
711,tie_interceptor89,0,18,1009,0,0,3,0,0,0,335,0,98,0,0,0,100,0,0,0,0,9999,915,69,0,0,0,40,0,0,1349,3,48,0,4,84
712,tie_interceptor89,0,18,1010,0,0,3,0,0,0,335,0,98,0,0,0,100,0,0,0,0,9999,915,69,0,0,0,40,0,0,1349,3,48,0,4,84
713,tie_interceptor89,0,18,1011,0,0,3,0,0,0,335,0,98,0,0,0,100,0,0,0,0,9999,915,69,0,0,0,40,0,0,1349,3,48,0,4,84
714,tie_interceptor89,0,18,1012,0,0,3,0,0,1,335,0,98,0,0,0,100,0,0,0,0,9999,914,69,0,0,0,40,0,0,1349,3,48,0,4,84
715,tie_interceptor89,0,18,1013,0,0,3,0,0,0,335,0,98,0,0,0,100,0,0,0,0,9999,914,69,0,0,0,40,0,0,1349,3,48,0,4,84
716,tie_interceptor89,0,18,1014,0,0,3,0,0,0,335,0,99,0,0,0,100,0,0,0,0,9999,914,69,0,0,0,40,0,0,1349,3,48,0,4,84
717,tie_interceptor89,0,18,1015,0,0,3,0,0,0,335,0,99,0,0,0,100,0,0,0,0,9999,914,69,0,0,0,40,0,0,1349,3,48,0,4,84
718,tie_interceptor89,0,18,1016,0,0,3,0,0,1,335,0,99,0,0,0,100,0,0,0,0,9999,913,69,0,0,0,40,0,0,1349,3,48,0,4,84
719,tie_interceptor89,0,18,1017,0,0,3,0,0,0,335,0,99,0,0,0,100,0,0,0,0,9999,913,69,0,0,0,40,0,0,1349,3,48,0,4,84
720,tie_interceptor89,0,18,1018,0,0,3,0,0,1,335,0,99,0,0,0,100,0,0,0,0,9999,913,69,0,0,0,39,0,0,1349,3,48,0,4,84
721,tie_interceptor89,0,18,1019,0,0,3,0,0,0,335,0,99,0,0,0,100,0,0,0,0,9999,913,69,0,0,0,38,0,0,1349,3,48,0,4,84
722,tie_interceptor89,0,18,1020,0,0,3,0,0,1,335,0,100,0,0,0,100,0,0,0,0,9999,912,69,0,0,0,37,0,0,1349,3,48,0,4,84
723,tie_interceptor89,0,18,1021,0,0,3,0,0,0,335,0,100,0,0,0,100,0,0,0,0,9999,912,69,0,0,0,36,0,0,1349,3,48,0,4,84
724,tie_interceptor89,0,18,1022,0,0,3,0,0,0,335,0,100,0,0,0,100,0,0,0,0,9999,912,69,0,0,0,35,0,0,1349,3,48,0,4,84
725,tie_interceptor89,0,18,1023,0,0,3,0,0,0,335,0,100,0,0,0,100,0,0,0,0,9999,912,69,0,0,0,34,0,0,1349,3,48,0,4,84
726,tie_interceptor89,0,18,1024,0,0,3,0,0,1,335,0,100,0,0,0,100,0,0,0,0,9999,911,69,0,0,0,33,0,0,1349,3,48,0,4,84
727,tie_interceptor89,0,18,1025,0,0,3,0,0,0,335,0,100,0,0,0,100,0,0,0,0,9999,911,69,0,0,0,32,0,0,1349,3,48,0,4,84
728,tie_interceptor89,0,18,1026,0,0,3,0,0,0,335,0,100,0,0,0,100,0,0,0,0,9999,911,69,0,0,0,31,0,0,1349,3,48,0,4,84
729,tie_interceptor89,0,18,1027,0,0,3,0,0,0,335,0,100,0,0,0,100,0,0,0,0,9999,911,69,0,0,0,30,0,0,1349,3,48,0,4,84
730,tie_interceptor89,0,18,1028,0,0,3,0,0,0,335,0,100,0,0,0,100,0,0,0,0,9999,911,69,0,0,0,29,0,0,1349,3,48,0,4,84
731,tie_interceptor89,0,18,1029,0,0,3,0,0,0,335,0,100,0,0,0,100,0,0,0,0,9999,911,69,0,0,0,28,0,0,1349,3,48,0,4,84
732,tie_interceptor89,0,18,1030,0,0,3,0,0,0,335,0,100,0,0,0,100,0,0,0,0,9999,911,69,0,0,0,27,0,0,1349,3,48,0,4,84
733,tie_interceptor89,0,18,1031,0,0,3,0,0,0,335,0,100,0,0,0,100,0,0,0,0,9999,911,69,0,0,0,26,0,0,1349,3,48,0,4,84
734,tie_interceptor89,0,18,1031,0,0,3,0,0,0,335,0,100,0,0,0,100,0,0,0,0,9999,911,69,0,0,0,25,0,0,1349,3,48,0,4,84
735,tie_interceptor89,0,18,1032,0,0,3,0,0,0,335,0,100,0,0,0,100,0,0,0,0,9999,911,69,0,0,0,24,0,0,1349,3,48,0,4,84
736,tie_interceptor89,0,18,1033,0,0,3,0,0,1,335,0,100,0,0,0,100,0,0,0,0,9999,911,69,0,0,0,23,0,0,1349,3,48,0,4,84
737,tie_interceptor89,0,18,1034,0,0,3,0,0,0,335,0,100,0,0,0,100,0,0,0,0,9999,911,69,0,0,0,22,0,0,1349,3,48,0,5,84
738,tie_interceptor89,0,18,1035,0,0,3,0,0,0,335,0,100,0,0,0,100,0,0,0,0,9999,911,69,0,0,0,21,0,0,1349,3,48,0,5,84
739,tie_interceptor89,0,18,1036,0,0,3,0,0,0,335,0,100,0,0,0,100,0,0,0,0,9999,911,69,0,0,0,20,0,0,1349,3,48,0,5,84
740,tie_interceptor89,0,18,1037,0,0,3,0,0,0,335,0,100,0,0,0,100,0,0,0,0,9999,911,69,0,0,0,19,0,0,1349,3,48,0,5,84
741,tie_interceptor89,0,18,1038,0,0,3,0,0,0,335,0,100,0,0,0,100,0,0,0,0,9999,911,69,0,0,0,18,0,0,1349,3,48,0,5,84
742,tie_interceptor89,0,18,1039,0,0,3,0,0,0,335,0,100,0,0,0,100,0,0,0,0,9999,911,69,0,0,0,17,0,0,1349,3,48,0,5,84
743,tie_interceptor89,0,18,1040,0,0,3,0,0,0,335,0,100,0,0,0,100,0,0,0,0,9999,911,69,0,0,0,16,0,0,1349,3,48,0,5,84
744,tie_interceptor89,0,18,1041,0,0,3,0,0,0,335,0,100,0,0,0,100,0,0,0,0,9999,911,69,0,0,0,15,0,0,1349,3,48,0,5,84
745,tie_interceptor89,0,18,1042,0,0,3,0,0,0,335,0,100,0,0,0,100,0,0,0,0,9999,911,69,0,0,0,14,0,0,1349,3,48,0,5,84
746,tie_interceptor89,0,18,1043,0,0,3,0,0,0,335,0,100,0,0,0,100,0,0,0,0,9999,911,69,0,0,0,13,0,0,1349,3,48,0,5,84
747,tie_interceptor89,0,18,1044,0,0,3,0,0,0,335,0,100,0,0,0,100,0,0,0,0,9999,911,69,0,0,0,12,0,0,1349,3,48,0,5,84
748,tie_interceptor89,0,18,1045,0,0,3,0,0,1,335,0,100,0,0,0,100,0,0,0,0,9999,910,69,0,0,0,11,0,0,1349,3,48,0,5,84
749,tie_interceptor89,0,18,1046,0,0,3,0,0,0,335,0,100,0,0,0,100,0,0,0,0,9999,910,69,0,0,0,10,0,0,1349,3,48,0,5,84
750,tie_interceptor89,0,18,1047,0,0,3,0,0,0,335,0,100,0,0,0,100,0,0,0,0,9999,910,69,0,0,0,9,0,0,1349,3,48,0,5,84
751,tie_interceptor89,0,18,1048,0,0,3,0,0,0,335,0,100,0,0,0,100,0,0,0,0,9999,910,69,0,0,0,8,0,0,1349,3,48,0,5,84
752,tie_interceptor89,0,18,1049,0,0,3,0,0,2,335,0,100,0,0,0,100,0,0,0,0,9999,909,69,0,0,0,7,0,0,1349,3,48,0,5,84
753,tie_interceptor89,0,18,1050,0,0,3,0,0,0,335,0,100,0,0,0,100,0,0,0,0,9999,909,69,0,0,0,6,0,0,1349,3,48,0,5,84
754,tie_interceptor89,0,18,1051,0,0,3,0,0,0,335,0,100,0,0,0,100,0,0,0,0,9999,909,69,0,0,0,5,0,0,1349,3,48,0,5,84
755,tie_interceptor89,0,18,1052,0,0,3,0,0,0,335,0,100,0,0,0,100,0,0,0,0,9999,909,69,0,0,0,4,0,0,1349,3,48,0,5,84
756,tie_interceptor89,0,18,1053,0,0,3,0,0,1,335,0,100,0,0,0,100,0,0,0,0,9999,908,69,0,0,0,3,0,0,1349,3,48,0,5,84
757,tie_interceptor89,0,18,1054,0,0,3,0,0,0,335,0,100,0,0,0,100,0,0,0,0,9999,908,69,0,0,0,2,0,0,1349,3,48,0,5,84
758,tie_interceptor89,0,18,1055,0,0,3,0,0,0,335,0,100,0,0,0,100,0,0,0,0,9999,908,69,0,0,0,1,0,0,1349,3,48,0,5,84
759,tie_interceptor89,0,18,1056,0,0,3,0,0,0,335,0,100,0,0,0,100,0,0,0,0,9999,908,69,0,0,0,0,0,0,1349,3,48,0,5,84
760,tie_interceptor89,0,18,1057,0,0,3,0,0,1,335,0,100,0,0,0,100,0,0,0,0,9999,907,69,0,0,0,0,0,0,1349,3,48,0,5,84
761,tie_interceptor89,0,18,1058,0,0,3,0,0,0,335,0,100,0,0,0,100,0,0,0,0,9999,907,69,0,0,0,0,0,0,1349,3,48,0,5,84
762,tie_interceptor89,0,18,1059,0,0,3,0,0,0,335,0,100,0,0,0,100,0,0,0,0,9999,907,69,0,0,0,0,0,0,1349,3,48,0,5,84
763,tie_interceptor89,0,18,1060,0,0,3,0,0,0,335,0,100,0,0,0,100,0,0,0,0,9999,907,69,0,0,0,0,0,0,1349,3,48,0,5,84
764,tie_interceptor89,0,18,1061,0,0,3,0,0,0,335,0,100,0,0,0,100,0,0,0,0,9999,907,69,0,0,0,0,0,0,1349,3,48,0,5,84
765,tie_interceptor89,0,18,1062,0,0,3,0,0,0,335,0,100,0,0,0,100,0,0,0,0,9999,907,69,0,0,0,0,0,0,1349,3,48,0,6,84
766,tie_interceptor89,0,18,1063,0,0,3,0,0,0,335,0,100,0,0,0,100,0,0,0,0,9999,907,69,0,0,0,0,0,0,1349,3,48,0,6,84
767,tie_interceptor89,0,18,1064,0,0,3,0,0,0,335,0,100,0,0,0,100,0,0,0,0,9999,907,69,0,0,0,0,0,0,1349,3,48,0,6,84
768,tie_interceptor89,0,18,1065,0,0,3,0,0,0,335,0,100,0,0,0,100,0,0,0,0,9999,907,69,0,0,0,0,0,0,1349,3,48,0,6,84
769,tie_interceptor89,0,18,1066,0,0,3,0,0,0,335,0,100,0,0,0,100,0,0,0,0,9999,907,69,0,0,0,0,0,0,1349,3,48,0,6,83
770,tie_interceptor89,0,18,1067,0,0,3,0,0,0,335,0,100,0,0,0,100,0,0,0,0,9999,907,69,0,0,0,0,0,0,1349,3,48,0,6,83
771,tie_interceptor89,0,18,1068,0,0,3,0,0,0,335,0,100,0,0,0,100,0,0,0,0,9999,907,69,0,0,0,0,0,0,1349,3,48,0,6,83
772,tie_interceptor89,0,18,1069,0,0,3,0,0,0,335,0,100,0,0,0,100,0,0,0,0,9999,907,69,0,0,0,0,0,0,1349,3,48,0,6,83
773,tie_interceptor89,0,18,1070,0,0,3,0,0,0,335,0,100,0,0,0,100,0,0,0,0,9999,907,69,0,0,0,0,0,0,1349,3,48,0,6,83
774,tie_interceptor89,0,18,1071,0,0,3,0,0,0,335,0,100,0,0,0,100,0,0,0,0,9999,907,69,0,0,0,0,0,0,1349,3,48,0,6,83
775,tie_interceptor89,0,18,1072,0,0,3,0,0,0,335,0,100,0,0,0,100,0,0,0,0,9999,907,69,0,0,0,0,0,0,1349,3,48,0,6,83
776,tie_interceptor89,0,18,1073,0,0,3,0,0,0,335,0,100,0,0,0,100,0,0,0,0,9999,907,69,0,0,0,0,0,0,1349,3,48,0,6,83
777,tie_interceptor89,0,18,1074,0,0,3,0,0,0,335,0,100,0,0,0,100,0,0,0,0,9999,907,69,0,0,0,0,0,0,1349,3,48,0,6,83
778,tie_interceptor89,0,18,1075,0,0,3,0,0,0,335,0,100,0,0,0,100,0,0,0,0,9999,907,69,0,0,0,0,0,0,1349,3,48,0,6,83
779,tie_interceptor89,0,18,1076,0,0,3,0,0,0,335,0,100,0,0,0,100,0,0,0,0,9999,907,69,0,0,0,0,0,0,1349,3,48,0,6,83
780,tie_interceptor89,0,18,1077,0,0,3,0,0,0,335,0,100,0,0,0,100,0,0,0,0,9999,907,69,0,0,0,0,0,0,1349,3,48,0,6,83
781,tie_interceptor89,0,18,1078,0,0,3,0,0,0,335,0,100,0,0,0,100,0,0,0,0,9999,907,69,0,0,0,0,0,0,1349,3,48,0,6,83
782,tie_interceptor89,0,18,1079,0,0,3,0,0,1,335,0,100,0,0,0,100,0,0,0,0,9999,906,69,0,0,0,0,0,0,1349,3,48,0,6,83
783,tie_interceptor89,0,18,1080,0,0,3,0,0,0,335,0,100,0,0,0,100,0,0,0,0,9999,906,69,0,0,0,0,0,0,1349,3,48,0,6,83
784,tie_interceptor89,0,18,1081,0,0,3,0,0,0,335,0,100,0,0,0,100,0,0,0,0,9999,906,69,0,0,0,0,0,0,1349,3,48,0,6,83
785,tie_interceptor89,0,18,1082,0,0,3,0,0,0,335,0,100,0,0,0,100,0,0,0,0,9999,906,69,0,0,0,0,0,0,1349,3,48,0,6,83
786,tie_interceptor89,0,18,1083,0,0,3,0,0,1,335,0,100,0,0,0,100,0,0,0,0,9999,905,69,0,0,0,0,0,0,1349,3,48,0,6,83
787,tie_interceptor89,0,18,1084,0,0,3,0,0,0,335,0,100,0,0,0,100,0,0,0,0,9999,905,69,0,0,0,0,0,0,1349,3,48,0,6,83
788,tie_interceptor89,0,18,1085,0,0,3,0,0,0,335,0,100,0,0,0,100,0,0,0,0,9999,905,69,0,0,0,0,0,0,1349,3,48,0,6,83
789,tie_interceptor89,0,18,1086,0,0,3,0,0,0,335,0,100,0,0,0,100,0,0,0,0,9999,905,69,0,0,0,0,0,0,1349,3,48,0,6,83
790,tie_interceptor89,0,18,1087,0,0,3,0,0,1,335,0,100,0,0,0,100,0,0,0,0,9999,904,69,0,0,0,0,0,0,1349,3,48,0,6,83
791,tie_interceptor89,0,18,1088,0,0,3,0,0,0,335,0,100,0,0,0,100,0,0,0,0,9999,904,69,0,0,0,0,0,0,1349,3,48,0,6,83
792,tie_interceptor89,0,18,1089,0,0,3,0,0,0,335,0,100,0,0,0,100,0,0,0,0,9999,904,69,0,0,0,0,0,0,1349,3,48,0,6,83
793,tie_interceptor89,0,18,1090,0,0,3,0,0,0,335,0,100,0,0,0,100,0,0,0,0,9999,904,69,0,0,0,0,0,0,1349,3,48,0,6,83
794,tie_interceptor89,0,18,1091,0,0,3,0,0,1,335,0,100,0,0,0,100,0,0,0,0,9999,903,69,0,0,0,0,0,0,1349,3,48,0,7,83
795,tie_interceptor89,0,18,1092,0,0,3,0,0,0,335,0,100,0,0,0,100,0,0,0,0,9999,903,69,0,0,0,0,0,0,1349,3,48,0,7,83
796,tie_interceptor89,0,18,1093,0,0,3,0,0,0,335,0,100,0,0,0,100,0,0,0,0,9999,903,69,0,0,0,0,0,0,1349,3,48,0,7,83
797,tie_interceptor89,0,18,1094,0,0,3,0,0,0,335,0,100,0,0,0,100,0,0,0,0,9999,903,69,0,0,0,0,0,0,1349,3,48,0,7,83
798,tie_interceptor89,0,18,1094,0,0,3,0,0,0,335,0,100,0,0,0,100,0,0,0,0,9999,903,69,0,0,0,0,0,0,1349,3,48,0,7,83
799,tie_interceptor89,0,18,1095,0,0,3,0,0,0,335,0,100,0,0,0,100,0,0,0,0,9999,903,69,0,0,0,0,0,0,1349,3,48,0,7,83
800,tie_interceptor89,0,18,1096,0,0,3,0,0,0,335,0,100,0,0,0,100,0,0,0,0,9999,903,69,0,0,0,0,0,0,1349,3,48,0,7,83
801,tie_interceptor89,0,18,1097,0,0,3,0,0,0,335,0,100,0,0,0,100,0,0,0,0,9999,903,69,0,0,0,0,0,0,1349,3,48,0,7,83
802,tie_interceptor89,0,18,1098,0,0,3,0,0,0,335,0,100,0,0,0,100,0,0,0,0,9999,903,69,0,0,0,0,0,0,1349,3,48,0,7,83
803,tie_interceptor89,0,18,1099,0,0,3,0,0,0,335,0,100,0,0,0,100,0,0,0,0,9999,903,69,0,0,0,0,0,0,1349,3,48,0,7,83
804,tie_interceptor89,0,18,1100,0,0,3,0,0,0,335,0,100,0,0,0,100,0,0,0,0,9999,903,69,0,0,0,0,0,0,1349,3,48,0,7,83
805,tie_interceptor89,0,18,1101,0,0,3,0,0,0,335,0,100,0,0,0,100,0,0,0,0,9999,903,69,0,0,0,0,0,0,1349,3,48,0,7,83
806,tie_interceptor89,0,18,1102,0,0,3,0,0,0,335,0,100,0,0,0,100,0,0,0,0,9999,903,69,0,0,0,0,0,0,1349,3,48,0,7,83
807,tie_interceptor89,0,18,1103,0,0,3,0,0,0,335,0,100,0,0,0,100,0,0,0,0,9999,903,69,0,0,0,0,0,0,1349,3,48,0,7,83
808,tie_interceptor89,0,18,1104,0,0,3,0,0,0,335,0,100,0,0,0,100,0,0,0,0,9999,903,69,0,0,0,0,0,0,1349,3,48,0,7,83
809,tie_interceptor89,0,18,1105,0,0,3,0,0,0,335,0,100,0,0,0,100,0,0,0,0,9999,903,69,0,0,0,0,0,0,1349,3,48,0,7,83
810,tie_interceptor89,0,18,1106,0,0,3,0,0,0,335,0,100,0,0,0,100,0,0,0,0,9999,903,69,0,0,0,40,0,0,1349,3,48,0,7,83
811,tie_interceptor89,0,18,1107,0,0,3,0,0,0,335,0,100,0,0,0,100,0,0,0,0,9999,903,69,0,0,0,40,0,0,1349,3,48,0,7,83
812,tie_interceptor89,0,18,1108,0,0,3,0,0,0,335,0,100,0,0,0,100,0,0,0,0,9999,903,69,0,0,0,40,0,0,1349,3,48,0,7,83
813,tie_interceptor89,0,18,1109,0,0,3,0,0,0,335,0,100,0,0,0,100,0,0,0,0,9999,903,69,0,0,0,40,0,0,1349,3,48,0,7,83
814,tie_interceptor89,0,18,1110,0,0,3,0,0,0,335,0,100,0,0,0,100,0,0,0,0,9999,903,69,0,0,0,40,0,0,1349,3,48,0,7,83
815,tie_interceptor89,0,18,1111,0,0,3,0,0,0,335,0,100,0,0,0,100,0,0,0,0,9999,903,69,0,0,0,40,0,0,1349,3,48,0,7,83
816,tie_interceptor89,0,18,1112,0,0,3,0,0,2,335,0,100,0,0,0,100,0,0,0,0,9999,902,69,0,0,0,40,0,0,1349,3,48,0,7,83
817,tie_interceptor89,0,18,1113,0,0,3,0,0,0,335,0,100,0,0,0,100,0,0,0,0,9999,902,69,0,0,0,40,0,0,1349,3,48,0,7,83
818,tie_interceptor89,0,18,1114,0,0,3,0,0,0,335,0,100,0,0,0,100,0,0,0,0,9999,902,69,0,0,0,40,0,0,1349,3,48,0,7,83
819,tie_interceptor89,0,18,1115,0,0,3,0,0,0,335,0,100,0,0,0,100,0,0,0,0,9999,902,69,0,0,0,40,0,0,1349,3,48,0,7,83
820,tie_interceptor89,0,18,1116,0,0,3,0,0,1,335,0,100,0,0,0,100,0,0,0,0,9999,901,69,0,0,0,40,0,0,1349,3,48,0,7,83
821,tie_interceptor89,0,18,1117,0,0,3,0,0,0,335,0,100,0,0,0,100,0,0,0,0,9999,901,69,0,0,0,40,0,0,1349,3,48,0,7,83
822,tie_interceptor89,0,18,1118,0,0,3,0,0,0,335,0,100,0,0,0,100,0,0,0,0,9999,901,69,0,0,0,40,0,0,1349,3,48,0,7,83
823,tie_interceptor89,0,18,1119,0,0,3,0,0,1,335,0,100,0,0,0,100,0,0,0,0,9999,901,69,0,0,0,40,0,0,1349,3,48,0,0,89
824,tie_interceptor89,0,18,1120,0,0,3,0,0,1,335,0,100,0,0,0,100,0,0,0,0,9999,900,69,0,0,0,40,0,0,1349,3,48,0,0,89
825,tie_interceptor89,0,18,1121,0,0,3,0,0,0,335,0,100,0,0,0,100,0,0,0,0,9999,900,69,0,0,0,40,0,0,1349,3,48,0,0,89
826,tie_interceptor89,0,18,1122,0,0,3,0,0,0,335,0,100,0,0,0,100,0,0,0,0,9999,900,69,0,0,0,40,0,0,1349,3,48,0,0,89
827,tie_interceptor89,0,18,1123,0,0,3,0,0,0,335,0,100,0,0,0,100,0,0,0,0,9999,900,69,0,0,0,40,0,0,1349,3,48,0,0,89
828,tie_interceptor89,0,18,1124,0,0,3,0,0,1,335,0,100,0,0,0,100,0,0,0,0,9999,899,69,0,0,0,40,0,0,1349,3,48,0,0,89
829,tie_interceptor89,0,18,1125,0,0,3,0,0,0,335,0,100,0,0,0,100,0,0,0,0,9999,899,69,0,0,0,40,0,0,1349,3,48,0,0,89
830,tie_interceptor89,0,18,1126,0,0,3,0,0,0,335,0,100,0,0,0,100,0,0,0,0,9999,899,69,0,0,0,40,0,0,1349,3,48,0,0,89
831,tie_interceptor89,0,18,1127,0,0,3,0,0,0,335,0,100,0,0,0,100,0,0,0,0,9999,899,69,0,0,0,40,0,0,1349,3,48,0,0,89
832,tie_interceptor89,0,18,1128,0,0,3,0,0,1,335,0,100,0,0,0,100,0,0,0,0,9999,899,69,0,0,0,40,0,0,1349,3,48,0,0,89
833,tie_interceptor89,0,18,1129,0,0,3,0,0,0,335,0,100,0,0,0,100,0,0,0,0,9999,899,69,0,0,0,40,0,0,1349,3,48,0,0,89
834,tie_interceptor89,0,18,1130,0,0,3,0,0,0,335,0,100,0,0,0,100,0,0,0,0,9999,899,69,0,0,0,40,0,0,1349,3,48,0,0,89
835,tie_interceptor89,0,18,1131,0,0,3,0,0,0,335,0,100,0,0,0,100,0,0,0,0,9999,899,69,0,0,0,40,0,0,1349,3,48,0,0,89
836,tie_interceptor89,0,18,1132,0,0,3,0,0,0,335,0,100,0,0,0,100,0,0,0,0,9999,899,69,0,0,0,40,0,0,1349,3,48,0,0,89
837,tie_interceptor89,0,18,1133,0,0,3,0,0,0,335,0,100,0,0,0,100,0,0,0,0,9999,899,69,0,0,0,40,0,0,1349,3,48,0,0,89
838,tie_interceptor89,0,18,1134,0,0,3,0,0,0,335,0,100,0,0,0,100,0,0,0,0,9999,899,69,0,0,0,40,0,0,1349,3,48,0,0,89
839,tie_interceptor89,0,18,1135,0,0,3,0,0,0,335,0,100,0,0,0,100,0,0,0,0,9999,899,69,0,0,0,40,0,0,1349,3,48,0,0,89
840,tie_interceptor89,0,18,1136,0,0,3,0,0,0,335,0,100,0,0,0,100,0,0,0,0,9999,899,69,0,0,0,40,0,0,1349,3,48,0,0,89
841,tie_interceptor89,0,18,1137,0,0,3,0,0,0,335,0,100,0,0,0,100,0,0,0,0,9999,899,69,0,0,0,40,0,0,1349,3,48,0,0,89
842,tie_interceptor89,0,18,1138,0,0,3,0,0,0,335,0,100,0,0,0,100,0,0,0,0,9999,899,69,0,0,0,40,0,0,1349,3,48,0,0,89
843,tie_interceptor89,0,18,1139,0,0,3,0,0,0,335,0,100,0,0,0,100,0,0,0,0,9999,899,69,0,0,0,40,0,0,1349,3,48,0,0,89
844,tie_interceptor89,0,18,1140,0,0,3,0,0,0,335,0,100,0,0,0,100,0,0,0,0,9999,899,69,0,0,0,40,0,0,1349,3,48,0,0,89
845,tie_interceptor89,0,18,1141,0,0,3,0,0,0,335,0,100,0,0,0,100,0,0,0,0,9999,899,69,0,0,0,40,0,0,1349,3,48,0,0,89
846,tie_interceptor89,0,18,1142,0,0,3,0,0,0,335,0,100,0,0,0,100,0,0,0,0,9999,899,69,0,0,0,40,0,0,1349,3,48,0,0,89
847,tie_interceptor89,0,18,1143,0,0,3,0,0,0,335,0,100,0,0,0,100,0,0,0,0,9999,899,69,0,0,0,40,0,0,1349,3,48,0,0,89
848,tie_interceptor89,0,18,1144,0,0,3,0,0,1,335,0,100,0,0,0,100,0,0,0,0,9999,899,69,0,0,0,40,0,0,1349,3,48,0,0,89
849,tie_interceptor89,0,18,1145,0,0,3,0,0,0,335,0,100,0,0,0,100,0,0,0,0,9999,899,69,0,0,0,40,0,0,1349,3,48,0,0,89
850,tie_interceptor89,0,18,1146,0,0,3,0,0,1,335,0,100,0,0,0,100,0,0,0,0,9999,898,69,0,0,0,40,0,0,1349,3,48,0,0,89
851,tie_interceptor89,0,18,1147,0,0,3,0,0,0,335,0,100,0,0,0,100,0,0,0,0,9999,898,69,0,0,0,40,0,0,1349,3,48,0,0,89
852,tie_interceptor89,0,18,1148,0,0,3,0,0,0,335,0,100,0,0,0,100,0,0,0,0,9999,898,69,0,0,0,40,0,0,1349,3,48,0,0,89
853,tie_interceptor89,0,18,1149,0,0,3,0,0,0,335,0,100,0,0,0,100,0,0,0,0,9999,898,69,0,0,0,40,0,0,1349,3,48,0,1,89
854,tie_interceptor89,0,18,1150,0,0,3,0,0,1,335,0,100,0,0,0,100,0,0,0,0,9999,897,69,0,0,0,40,0,0,1349,3,48,0,1,89
855,tie_interceptor89,0,18,1151,0,0,3,0,0,0,335,0,100,0,0,0,100,0,0,0,0,9999,897,69,0,0,0,40,0,0,1349,3,48,0,1,89
856,tie_interceptor89,0,18,1152,0,0,3,0,0,0,335,0,100,0,0,0,100,0,0,0,0,9999,897,69,0,0,0,40,0,0,1349,3,48,0,1,89
857,tie_interceptor89,0,18,1153,0,0,3,0,0,0,335,0,100,0,0,0,100,0,0,0,0,9999,897,69,0,0,0,40,0,0,1349,3,48,0,1,89
858,tie_interceptor89,0,18,1154,0,0,3,0,0,1,335,0,100,0,0,0,100,0,0,0,0,9999,896,69,0,0,0,40,0,0,1349,3,48,0,1,89
859,tie_interceptor89,0,18,1155,0,0,3,0,0,0,335,0,100,0,0,0,100,0,0,0,0,9999,896,69,0,0,0,40,0,0,1349,3,48,0,1,89
860,tie_interceptor89,0,18,1156,0,0,3,0,0,0,335,0,100,0,0,0,100,0,0,0,0,9999,896,69,0,0,0,40,0,0,1349,3,48,0,1,89
861,tie_interceptor89,0,18,1157,0,0,3,0,0,0,335,0,100,0,0,0,100,0,0,0,0,9999,896,69,0,0,0,40,0,0,1349,3,48,0,1,89
862,tie_interceptor89,0,18,1157,0,0,3,0,0,1,335,0,100,0,0,0,100,0,0,0,0,9999,895,69,0,0,0,40,0,0,1349,3,48,0,1,89
863,tie_interceptor89,0,18,1158,0,0,3,0,0,0,335,0,100,0,0,0,100,0,0,0,0,9999,895,69,0,0,0,40,0,0,1349,3,48,0,1,89
864,tie_interceptor89,0,18,1159,0,0,3,0,0,1,335,0,100,0,0,0,100,0,0,0,0,9999,895,69,0,0,0,40,0,0,1349,3,48,0,1,89
865,tie_interceptor89,0,18,1160,0,0,3,0,0,0,335,0,100,0,0,0,100,0,0,0,0,9999,895,69,0,0,0,40,0,0,1349,3,48,0,1,89
866,tie_interceptor89,0,18,1161,0,0,3,0,0,0,335,0,100,0,0,0,100,0,0,0,0,9999,895,69,0,0,0,40,0,0,1349,3,48,0,1,89
867,tie_interceptor89,0,18,1162,0,0,3,0,0,0,335,0,100,0,0,0,100,0,0,0,0,9999,895,69,0,0,0,40,0,0,1349,3,48,0,1,89
868,tie_interceptor89,0,18,1163,0,0,3,0,0,0,335,0,100,0,0,0,100,0,0,0,0,9999,895,69,0,0,0,40,0,0,1349,3,48,0,1,89
869,tie_interceptor89,0,18,1164,0,0,3,0,0,0,335,0,100,0,0,0,100,0,0,0,0,9999,895,69,0,0,0,40,0,0,1349,3,48,0,1,89
870,tie_interceptor89,0,18,1165,0,0,3,0,0,0,335,0,100,0,0,0,100,0,0,0,0,9999,895,69,0,0,0,40,0,0,1349,3,48,0,1,89
871,tie_interceptor89,0,18,1166,0,0,3,0,0,0,335,0,100,0,0,0,100,0,0,0,0,9999,895,69,0,0,0,40,0,0,1349,3,48,0,1,89
872,tie_interceptor89,0,18,1167,0,0,3,0,0,0,335,0,100,0,0,0,100,0,0,0,0,9999,895,69,0,0,0,40,0,0,1349,3,48,0,1,89
873,tie_interceptor89,0,18,1168,0,0,3,0,0,0,335,0,100,0,0,0,100,0,0,0,0,9999,895,69,0,0,0,40,0,0,1349,3,48,0,1,89
874,tie_interceptor89,0,18,1169,0,0,3,0,0,0,335,0,100,0,0,0,100,0,0,0,0,9999,895,69,0,0,0,40,0,0,1349,3,48,0,1,89
875,tie_interceptor89,0,18,1170,0,0,3,0,0,0,335,0,100,0,0,0,100,0,0,0,0,9999,895,69,0,0,0,40,0,0,1349,3,48,0,1,89
876,tie_interceptor89,0,18,1171,0,0,3,0,0,0,335,0,100,0,0,0,100,0,0,0,0,9999,895,69,0,0,0,40,0,0,1349,3,48,0,1,89
877,tie_interceptor89,0,18,1172,0,0,3,0,0,0,335,0,100,0,0,0,100,0,0,0,0,9999,895,69,0,0,0,40,0,0,1349,3,48,0,1,89
878,tie_interceptor89,0,18,1173,0,0,3,0,0,0,335,0,100,0,0,0,100,0,0,0,0,9999,895,69,0,0,0,40,0,0,1349,3,48,0,1,89
879,tie_interceptor89,0,18,1174,0,0,3,0,0,0,335,0,100,0,0,0,100,0,0,0,0,9999,895,69,0,0,0,40,0,0,1349,3,48,0,1,89
880,tie_interceptor89,0,18,1175,0,0,3,0,0,1,335,0,100,0,0,0,100,0,0,0,0,9999,895,69,0,0,0,40,0,0,1349,3,48,0,1,89
881,tie_interceptor89,0,18,1176,0,0,3,0,0,0,335,0,100,0,0,0,100,0,0,0,0,9999,895,69,0,0,0,40,0,0,1349,3,48,0,2,89
882,tie_interceptor89,0,18,1177,0,0,3,0,0,0,335,0,100,0,0,0,100,0,0,0,0,9999,895,69,0,0,0,40,0,0,1349,3,48,0,2,89
883,tie_interceptor89,0,18,1178,0,0,3,0,0,0,335,0,100,0,0,0,100,0,0,0,0,9999,895,69,0,0,0,40,0,0,1349,3,48,0,2,89
884,tie_interceptor89,0,18,1179,0,0,3,0,0,1,335,0,100,0,0,0,100,0,0,0,0,9999,894,69,0,0,0,40,0,0,1349,3,48,0,2,89
885,tie_interceptor89,0,18,1180,0,0,3,0,0,0,335,0,100,0,0,0,100,0,0,0,0,9999,894,69,0,0,0,40,0,0,1349,3,48,0,2,89
886,tie_interceptor89,0,18,1181,0,0,3,0,0,0,335,0,100,0,0,0,100,0,0,0,0,9999,894,69,0,0,0,40,0,0,1349,3,48,0,2,89
887,tie_interceptor89,0,18,1182,0,0,3,0,0,0,335,0,100,0,0,0,100,0,0,0,0,9999,894,69,0,0,0,40,0,0,1349,3,48,0,2,89
888,tie_interceptor89,0,18,1183,0,0,3,0,0,1,335,0,100,0,0,0,100,0,0,0,0,9999,893,69,0,0,0,40,0,0,1349,3,48,0,2,89
889,tie_interceptor89,0,18,1184,0,0,3,0,0,0,335,0,100,0,0,0,100,0,0,0,0,9999,893,69,0,0,0,40,0,0,1349,3,48,0,2,89
890,tie_interceptor89,0,18,1185,0,0,3,0,0,0,335,0,100,0,0,0,100,0,0,0,0,9999,893,69,0,0,0,40,0,0,1349,3,48,0,2,89
891,tie_interceptor89,0,18,1186,0,0,3,0,0,0,335,0,100,0,0,0,100,0,0,0,0,9999,893,69,0,0,0,40,0,0,1349,3,48,0,2,89
892,tie_interceptor89,0,18,1187,0,0,3,0,0,1,335,0,100,0,0,0,100,0,0,0,0,9999,892,69,0,0,0,40,0,0,1349,3,48,0,2,89
893,tie_interceptor89,0,18,1188,0,0,3,0,0,0,335,0,100,0,0,0,100,0,0,0,0,9999,892,69,0,0,0,40,0,0,1349,3,48,0,2,89
894,tie_interceptor89,0,18,1189,0,0,3,0,0,0,335,0,100,0,0,0,100,0,0,0,0,9999,892,69,0,0,0,40,0,0,1349,3,48,0,2,89
895,tie_interceptor89,0,18,1190,0,0,3,0,0,0,335,0,100,0,0,0,100,0,0,0,0,9999,892,69,0,0,0,40,0,0,1349,3,48,0,2,89
896,tie_interceptor89,0,18,1191,0,0,3,0,0,2,335,0,100,0,0,0,100,0,0,0,0,9999,891,69,0,0,0,40,0,0,1349,3,48,0,2,89
897,tie_interceptor89,0,18,1192,0,0,3,0,0,0,335,0,100,0,0,0,100,0,0,0,0,9999,891,69,0,0,0,40,0,0,1349,3,48,0,2,88
898,tie_interceptor89,0,18,1193,0,0,3,0,0,0,335,0,100,0,0,0,100,0,0,0,0,9999,891,69,0,0,0,40,0,0,1349,3,48,0,2,88
899,tie_interceptor89,0,18,1194,0,0,3,0,0,0,335,0,100,0,0,0,100,0,0,0,0,9999,891,69,0,0,0,40,0,0,1349,3,48,0,2,88
