tick,name,pos_x,pos_y,pos_z,vel_x,vel_y,vel_z,yaw,grounded,fx_count,kudos,combo,nitro,riskboost,takedowns,skill_driver,crashbreaker,airspeed,air_lift,rotor_rpm,rotor_lift,fuel,cannon,missiles,lock,cargo
0,fs_lightplane89,0,10,6,0,-5,22,0,0,0,5,1,50,0,0,0,6,24,237,0,0,99,0,0,0,0
1,fs_lightplane89,0,7,11,0,-10,21,0,0,0,10,2,50,0,0,0,12,25,238,0,0,99,0,0,0,0
2,fs_lightplane89,0,3,17,0,-15,20,0,0,0,15,3,50,1,0,0,17,27,230,0,0,99,0,0,0,0
3,fs_lightplane89,0,-2,22,0,-20,20,0,0,0,20,4,50,1,0,0,22,28,221,0,0,99,0,0,0,0
4,fs_lightplane89,0,-8,28,0,-24,19,0,0,0,25,5,50,1,0,0,26,30,213,0,0,99,0,0,0,0
5,fs_lightplane89,0,-16,32,0,-29,18,0,0,0,30,6,51,2,0,0,31,34,206,0,0,99,0,0,0,0
6,fs_lightplane89,0,-25,37,0,-32,17,0,0,0,35,7,51,2,0,0,35,38,199,0,0,99,0,0,0,0
7,fs_lightplane89,0,-35,42,0,-36,17,0,0,0,45,8,51,3,0,0,38,41,193,0,0,99,0,0,0,0
8,fs_lightplane89,0,-45,46,0,-39,16,0,0,0,55,9,51,3,0,0,42,45,188,0,0,99,0,0,0,0
9,fs_lightplane89,0,-57,51,0,-42,16,0,0,0,65,10,51,3,0,0,45,48,183,0,0,99,0,0,0,0
10,fs_lightplane89,0,-69,55,0,-45,15,0,0,0,75,11,52,4,0,0,48,50,179,0,0,99,0,0,0,0
11,fs_lightplane89,0,-82,59,0,-48,15,0,0,0,85,12,52,4,0,0,51,53,175,0,0,99,0,0,0,0
12,fs_lightplane89,0,-95,63,0,-51,14,0,0,0,95,13,52,4,0,0,54,56,172,0,0,99,0,0,0,0
13,fs_lightplane89,0,-110,66,0,-53,14,0,0,0,105,14,52,5,0,0,56,58,168,0,0,99,0,0,0,0
14,fs_lightplane89,0,-125,70,0,-55,13,0,0,0,115,15,52,5,0,0,59,60,166,0,0,99,0,0,0,0
15,fs_lightplane89,0,-140,74,0,-57,13,0,0,0,130,16,53,6,0,0,61,62,163,0,0,99,0,0,0,0
16,fs_lightplane89,0,-156,77,0,-59,12,0,0,0,145,17,53,6,0,0,63,64,160,0,0,99,0,0,0,0
17,fs_lightplane89,0,-172,80,0,-61,12,0,0,0,160,18,53,6,0,0,65,66,158,0,0,98,0,0,0,0
18,fs_lightplane89,0,-189,84,0,-63,12,0,0,0,160,18,53,7,0,0,67,67,156,0,0,98,0,0,0,0
19,fs_lightplane89,0,-207,87,0,-64,12,0,0,0,160,18,53,7,0,0,69,69,154,0,0,98,0,0,0,0
20,fs_lightplane89,0,-224,90,0,-66,11,0,0,0,160,18,53,7,0,0,70,70,153,0,0,98,0,0,0,0
21,fs_lightplane89,0,-243,93,0,-67,11,0,0,0,160,18,54,7,0,0,72,72,151,0,0,98,0,0,0,0
22,fs_lightplane89,0,-261,96,0,-69,11,0,0,0,160,18,54,7,0,0,73,73,150,0,0,98,0,0,0,0
23,fs_lightplane89,0,-280,99,0,-70,10,0,0,0,160,18,54,7,0,0,75,74,149,0,0,98,0,0,0,0
24,fs_lightplane89,0,-299,102,0,-71,10,0,0,0,160,18,54,7,0,0,76,75,147,0,0,98,0,0,0,0
25,fs_lightplane89,0,-318,105,0,-72,10,0,0,0,160,18,54,7,0,0,77,76,146,0,0,98,0,0,0,0
26,fs_lightplane89,0,-338,107,0,-73,10,0,0,0,160,18,55,7,0,0,78,77,145,0,0,98,0,0,0,0
27,fs_lightplane89,0,-358,110,0,-74,10,0,0,0,160,18,55,7,0,0,79,78,48,0,0,98,0,0,0,0
28,fs_lightplane89,0,-378,113,0,-75,10,0,0,0,160,18,55,7,0,0,80,79,48,0,0,98,0,0,0,0
29,fs_lightplane89,0,-398,115,0,-76,9,0,0,0,160,18,55,7,0,0,81,80,47,0,0,98,0,0,0,0
30,fs_lightplane89,0,-419,118,0,-76,9,0,0,0,160,18,55,7,0,0,82,81,47,0,0,98,0,0,0,0
31,fs_lightplane89,0,-439,121,0,-77,9,0,0,0,160,18,56,7,0,0,83,81,47,0,0,98,0,0,0,0
32,fs_lightplane89,0,-460,123,0,-78,9,0,0,0,160,18,56,7,0,0,83,82,47,0,0,98,0,0,0,0
33,fs_lightplane89,0,-481,126,0,-78,9,0,0,0,160,18,56,7,0,0,84,82,46,0,0,98,0,0,0,0
34,fs_lightplane89,0,-502,128,0,-79,9,0,0,0,160,18,56,7,0,0,85,83,46,0,0,97,0,0,0,0
35,fs_lightplane89,0,-524,130,0,-79,9,0,0,0,160,18,56,7,0,0,85,84,46,0,0,97,0,0,0,0
36,fs_lightplane89,0,-545,133,0,-80,9,0,0,0,160,18,56,7,0,0,86,84,46,0,0,97,0,0,0,0
37,fs_lightplane89,0,-567,135,0,-80,8,0,0,0,160,18,57,7,0,0,86,84,46,0,0,97,0,0,0,0
38,fs_lightplane89,0,-588,138,0,-81,8,0,0,0,160,18,57,7,0,0,87,85,46,0,0,97,0,0,0,0
39,fs_lightplane89,0,-610,140,0,-81,8,0,0,0,160,18,57,7,0,0,87,85,46,0,0,97,0,0,0,0
40,fs_lightplane89,0,-632,142,0,-82,8,0,0,0,160,18,57,7,0,0,88,86,45,0,0,97,0,0,0,0
41,fs_lightplane89,0,-654,145,0,-82,8,0,0,0,160,18,57,7,0,0,88,86,45,0,0,97,0,0,0,0
42,fs_lightplane89,0,-676,147,0,-82,8,0,0,0,160,18,58,7,0,0,89,86,45,0,0,97,0,0,0,0
43,fs_lightplane89,0,-698,149,0,-83,8,0,0,0,160,18,58,7,0,0,89,87,45,0,0,97,0,0,0,0
44,fs_lightplane89,0,-720,151,0,-83,8,0,0,0,160,18,58,7,0,0,89,87,45,0,0,97,0,0,0,0
45,fs_lightplane89,0,-743,154,0,-83,8,0,0,0,160,18,58,7,0,0,90,87,45,0,0,97,0,0,0,0
46,fs_lightplane89,0,-765,156,0,-83,8,0,0,0,160,18,58,7,0,0,90,87,45,0,0,97,0,0,0,0
47,fs_lightplane89,0,-788,158,0,-84,8,0,0,0,160,18,59,7,0,0,90,88,45,0,0,97,0,0,0,0
48,fs_lightplane89,0,-810,160,0,-84,8,0,0,0,160,18,59,7,0,0,90,88,45,0,0,97,0,0,0,0
49,fs_lightplane89,0,-833,162,0,-84,8,0,0,0,160,18,59,7,0,0,91,88,45,0,0,97,0,0,0,0
50,fs_lightplane89,0,-855,165,0,-84,8,0,0,0,160,18,59,7,0,0,91,88,45,0,0,97,0,0,0,0
51,fs_lightplane89,0,-878,167,0,-84,8,0,0,0,160,18,59,7,0,0,91,88,45,0,0,96,0,0,0,0
52,fs_lightplane89,0,-900,169,0,-85,8,0,0,0,160,18,59,7,0,0,91,88,45,0,0,96,0,0,0,0
53,fs_lightplane89,0,-923,171,0,-85,8,0,0,0,160,18,60,7,0,0,91,89,45,0,0,96,0,0,0,0
54,fs_lightplane89,0,-946,173,0,-85,8,0,0,0,160,18,60,7,0,0,92,89,44,0,0,96,0,0,0,0
55,fs_lightplane89,0,-969,175,0,-85,7,0,0,0,160,18,60,7,0,0,92,89,44,0,0,96,0,0,0,0
56,fs_lightplane89,0,-992,177,0,-85,7,0,0,0,160,18,60,7,0,0,92,89,44,0,0,96,0,0,0,0
57,fs_lightplane89,0,-1014,180,0,-85,7,0,0,0,160,18,60,7,0,0,92,89,44,0,0,96,0,0,0,0
58,fs_lightplane89,0,-1037,182,0,-85,7,0,0,0,160,18,61,7,0,0,92,89,44,0,0,96,0,0,0,0
59,fs_lightplane89,0,-1060,184,0,-85,7,0,0,0,160,18,61,7,0,0,92,89,44,0,0,96,0,0,0,0
60,fs_lightplane89,0,-1083,186,0,-86,7,0,0,0,160,18,61,7,0,0,92,89,44,0,0,96,0,0,0,0
61,fs_lightplane89,0,-1106,188,0,-86,7,0,0,0,160,18,61,7,0,0,93,89,44,0,0,96,0,0,0,0
62,fs_lightplane89,0,-1129,190,0,-86,7,0,0,0,160,18,61,7,0,0,93,90,44,0,0,96,0,0,0,0
63,fs_lightplane89,0,-1152,192,0,-86,7,0,0,0,160,18,62,7,0,0,93,90,44,0,0,96,0,0,0,0
64,fs_lightplane89,0,-1175,194,0,-86,7,0,0,0,160,18,62,7,0,0,93,90,44,0,0,96,0,0,0,0
65,fs_lightplane89,0,-1198,196,0,-86,7,0,0,0,160,18,62,7,0,0,93,90,44,0,0,96,0,0,0,0
66,fs_lightplane89,0,-1221,198,0,-86,7,0,0,0,160,18,62,7,0,0,93,90,44,0,0,96,0,0,0,0
67,fs_lightplane89,0,-1244,200,0,-86,7,0,0,0,160,18,62,7,0,0,93,90,44,0,0,96,0,0,0,0
68,fs_lightplane89,0,-1268,203,0,-86,7,0,0,0,160,18,62,7,0,0,93,90,44,0,0,95,0,0,0,0
69,fs_lightplane89,0,-1291,205,0,-86,7,0,0,0,160,18,63,7,0,0,93,90,44,0,0,95,0,0,0,0
70,fs_lightplane89,0,-1314,207,0,-86,7,0,0,0,160,18,63,7,0,0,93,90,44,0,0,95,0,0,0,0
71,fs_lightplane89,0,-1337,209,0,-86,7,0,0,0,160,18,63,7,0,0,93,90,44,0,0,95,0,0,0,0
72,fs_lightplane89,0,-1360,211,0,-86,7,0,0,0,160,18,63,7,0,0,93,90,44,0,0,95,0,0,0,0
73,fs_lightplane89,0,-1383,213,0,-86,7,0,0,0,160,18,63,7,0,0,93,90,44,0,0,95,0,0,0,0
74,fs_lightplane89,0,-1406,215,0,-86,7,0,0,0,160,18,64,7,0,0,93,90,44,0,0,95,0,0,0,0
75,fs_lightplane89,0,-1430,217,0,-86,7,0,0,0,160,18,64,7,0,0,93,90,44,0,0,95,0,0,0,0
76,fs_lightplane89,0,-1453,219,0,-86,7,0,0,0,160,18,64,7,0,0,94,90,44,0,0,95,0,0,0,0
77,fs_lightplane89,0,-1476,221,0,-86,7,0,0,0,160,18,64,7,0,0,94,90,44,0,0,95,0,0,0,0
78,fs_lightplane89,0,-1499,223,0,-87,7,0,0,0,160,18,64,7,0,0,94,90,44,0,0,95,0,0,0,0
79,fs_lightplane89,0,-1522,225,0,-87,7,0,0,0,160,18,65,7,0,0,94,90,44,0,0,95,0,0,0,0
80,fs_lightplane89,0,-1546,227,0,-87,7,0,0,0,160,18,65,7,0,0,94,90,44,0,0,95,0,0,0,0
81,fs_lightplane89,0,-1569,229,0,-87,7,0,0,0,160,0,65,7,0,0,94,90,44,0,0,95,0,0,0,0
82,fs_lightplane89,0,-1592,231,0,-87,7,0,0,0,160,0,65,7,0,0,94,90,44,0,0,95,0,0,0,0
83,fs_lightplane89,0,-1615,233,0,-87,7,0,0,0,160,0,65,7,0,0,94,90,44,0,0,95,0,0,0,0
84,fs_lightplane89,0,-1638,235,0,-87,7,0,0,0,160,0,65,7,0,0,94,90,44,0,0,95,0,0,0,0
85,fs_lightplane89,0,-1662,237,0,-87,7,0,0,0,160,0,66,7,0,0,94,90,44,0,0,94,0,0,0,0
86,fs_lightplane89,0,-1685,239,0,-87,7,0,0,0,160,0,66,7,0,0,94,90,44,0,0,94,0,0,0,0
87,fs_lightplane89,0,-1708,241,0,-87,7,0,0,0,160,0,66,7,0,0,94,91,44,0,0,94,0,0,0,0
88,fs_lightplane89,0,-1731,243,0,-87,7,0,0,0,160,0,66,7,0,0,94,91,44,0,0,94,0,0,0,0
89,fs_lightplane89,0,-1755,246,0,-87,7,0,0,0,160,0,66,7,0,0,94,91,44,0,0,94,0,0,0,0
90,fs_lightplane89,0,-1778,248,0,-87,7,0,0,0,160,0,67,7,0,0,94,91,44,0,0,94,0,0,0,0
91,fs_lightplane89,0,-1801,250,0,-87,7,0,0,0,160,0,67,7,0,0,94,91,44,0,0,94,0,0,0,0
92,fs_lightplane89,0,-1824,252,0,-87,7,0,0,0,160,0,67,7,0,0,94,91,44,0,0,94,0,0,0,0
93,fs_lightplane89,0,-1848,254,0,-87,7,0,0,0,160,0,67,7,0,0,94,91,44,0,0,94,0,0,0,0
94,fs_lightplane89,0,-1871,256,0,-87,7,0,0,0,160,0,67,7,0,0,94,91,44,0,0,94,0,0,0,0
95,fs_lightplane89,0,-1894,258,0,-87,7,0,0,0,160,0,68,7,0,0,94,91,44,0,0,94,0,0,0,0
96,fs_lightplane89,0,-1918,260,0,-87,7,0,0,0,160,0,68,7,0,0,94,91,44,0,0,94,0,0,0,0
97,fs_lightplane89,0,-1941,262,0,-87,7,0,0,0,160,0,68,7,0,0,94,91,44,0,0,94,0,0,0,0
98,fs_lightplane89,0,-1964,264,0,-87,7,0,0,0,160,0,68,7,0,0,94,91,44,0,0,94,0,0,0,0
99,fs_lightplane89,0,-1987,266,0,-87,7,0,0,0,160,0,68,7,0,0,94,91,44,0,0,94,0,0,0,0
100,fs_lightplane89,0,-2011,268,0,-87,7,0,0,0,160,0,68,7,0,0,94,91,44,0,0,94,0,0,0,0
101,fs_lightplane89,0,-2034,270,0,-87,7,0,0,0,160,0,69,7,0,0,94,91,44,0,0,94,0,0,0,0
102,fs_lightplane89,0,-2057,272,0,-87,7,0,0,0,160,0,69,7,0,0,94,91,44,0,0,93,0,0,0,0
103,fs_lightplane89,0,-2081,274,0,-87,7,0,0,0,160,0,69,7,0,0,94,91,44,0,0,93,0,0,0,0
104,fs_lightplane89,0,-2104,276,0,-87,7,0,0,0,160,0,69,7,0,0,94,91,44,0,0,93,0,0,0,0
105,fs_lightplane89,0,-2127,278,0,-87,7,0,0,0,160,0,69,7,0,0,94,91,44,0,0,93,0,0,0,0
106,fs_lightplane89,0,-2150,280,0,-87,7,0,0,0,160,0,70,7,0,0,94,91,44,0,0,93,0,0,0,0
107,fs_lightplane89,0,-2174,282,0,-87,7,0,0,0,160,0,70,7,0,0,94,91,44,0,0,93,0,0,0,0
108,fs_lightplane89,0,-2197,284,0,-87,7,0,0,0,160,0,70,7,0,0,94,91,44,0,0,93,0,0,0,0
109,fs_lightplane89,0,-2220,286,0,-87,7,0,0,0,160,0,70,7,0,0,94,91,44,0,0,93,0,0,0,0
110,fs_lightplane89,0,-2244,288,0,-87,7,0,0,0,160,0,70,7,0,0,94,91,44,0,0,93,0,0,0,0
111,fs_lightplane89,0,-2267,290,0,-87,7,0,0,0,160,0,71,7,0,0,94,91,44,0,0,93,0,0,0,0
112,fs_lightplane89,0,-2290,292,0,-87,7,0,0,0,160,0,71,7,0,0,94,91,44,0,0,93,0,0,0,0
113,fs_lightplane89,0,-2313,294,0,-87,7,0,0,0,160,0,71,7,0,0,94,91,44,0,0,93,0,0,0,0
114,fs_lightplane89,0,-2337,296,0,-87,7,0,0,0,160,0,71,7,0,0,94,91,44,0,0,93,0,0,0,0
115,fs_lightplane89,0,-2360,298,0,-87,7,0,0,0,160,0,71,7,0,0,94,91,44,0,0,93,0,0,0,0
116,fs_lightplane89,0,-2383,300,0,-87,7,0,0,0,160,0,71,7,0,0,94,91,44,0,0,93,0,0,0,0
117,fs_lightplane89,0,-2407,302,0,-87,7,0,0,0,160,0,72,7,0,0,94,91,44,0,0,93,0,0,0,0
118,fs_lightplane89,0,-2430,304,0,-87,7,0,0,0,160,0,72,7,0,0,94,91,44,0,0,93,0,0,0,0
119,fs_lightplane89,0,-2453,306,0,-87,7,0,0,0,160,0,72,7,0,0,94,91,44,0,0,92,0,0,0,0
120,fs_lightplane89,0,-2476,308,0,-87,7,0,0,0,160,0,72,7,0,0,94,91,44,0,0,92,0,0,0,0
121,fs_lightplane89,0,-2500,311,0,-87,7,0,0,0,160,0,72,7,0,0,94,91,44,0,0,92,0,0,0,0
122,fs_lightplane89,0,-2523,313,0,-87,7,0,0,0,160,0,73,7,0,0,94,91,44,0,0,92,0,0,0,0
123,fs_lightplane89,0,-2546,315,0,-87,7,0,0,0,160,0,73,7,0,0,94,91,44,0,0,92,0,0,0,0
124,fs_lightplane89,0,-2570,317,0,-87,7,0,0,0,160,0,73,7,0,0,94,91,44,0,0,92,0,0,0,0
125,fs_lightplane89,0,-2593,319,0,-87,7,0,0,0,160,0,73,7,0,0,94,91,44,0,0,92,0,0,0,0
126,fs_lightplane89,0,-2616,321,0,-87,7,0,0,0,160,0,73,7,0,0,94,91,44,0,0,92,0,0,0,0
127,fs_lightplane89,0,-2640,323,0,-87,7,0,0,0,160,0,74,7,0,0,94,91,44,0,0,92,0,0,0,0
128,fs_lightplane89,0,-2663,325,0,-87,7,0,0,0,160,0,74,7,0,0,94,91,44,0,0,92,0,0,0,0
129,fs_lightplane89,0,-2686,327,0,-87,7,0,0,0,160,0,74,7,0,0,94,91,44,0,0,92,0,0,0,0
130,fs_lightplane89,0,-2709,329,0,-87,7,0,0,0,160,0,74,7,0,0,94,91,44,0,0,92,0,0,0,0
131,fs_lightplane89,0,-2733,331,0,-87,7,0,0,0,160,0,74,7,0,0,94,91,44,0,0,92,0,0,0,0
132,fs_lightplane89,0,-2756,333,0,-87,7,0,0,0,160,0,74,7,0,0,94,91,44,0,0,92,0,0,0,0
133,fs_lightplane89,0,-2779,335,0,-87,7,0,0,0,160,0,75,7,0,0,94,91,44,0,0,92,0,0,0,0
134,fs_lightplane89,0,-2803,337,0,-87,7,0,0,0,160,0,75,7,0,0,94,91,44,0,0,92,0,0,0,0
135,fs_lightplane89,0,-2826,339,0,-87,7,0,0,0,160,0,75,7,0,0,94,91,44,0,0,92,0,0,0,0
136,fs_lightplane89,0,-2849,341,0,-87,7,0,0,0,160,0,75,7,0,0,94,91,44,0,0,91,0,0,0,0
137,fs_lightplane89,0,-2873,343,0,-87,7,0,0,0,160,0,75,7,0,0,94,91,44,0,0,91,0,0,0,0
138,fs_lightplane89,0,-2896,345,0,-87,7,0,0,0,160,0,76,7,0,0,94,91,44,0,0,91,0,0,0,0
139,fs_lightplane89,0,-2919,347,0,-87,7,0,0,0,160,0,76,7,0,0,94,91,44,0,0,91,0,0,0,0
140,fs_lightplane89,0,-2942,349,0,-87,7,0,0,0,160,0,76,7,0,0,94,91,44,0,0,91,0,0,0,0
141,fs_lightplane89,0,-2966,351,0,-87,7,0,0,0,160,0,76,7,0,0,94,91,44,0,0,91,0,0,0,0
142,fs_lightplane89,0,-2989,353,0,-87,7,0,0,0,160,0,76,7,0,0,94,91,44,0,0,91,0,0,0,0
143,fs_lightplane89,0,-3012,355,0,-87,7,0,0,0,160,0,77,7,0,0,94,91,44,0,0,91,0,0,0,0
144,fs_lightplane89,0,-3036,357,0,-87,7,0,0,0,160,0,77,7,0,0,94,91,44,0,0,91,0,0,0,0
145,fs_lightplane89,0,-3059,359,0,-87,7,0,0,0,160,0,77,7,0,0,94,91,44,0,0,91,0,0,0,0
146,fs_lightplane89,0,-3082,361,0,-87,7,0,0,0,160,0,77,7,0,0,94,91,44,0,0,91,0,0,0,0
147,fs_lightplane89,0,-3106,363,0,-87,7,0,0,0,160,0,77,7,0,0,94,91,44,0,0,91,0,0,0,0
148,fs_lightplane89,0,-3129,365,0,-87,7,0,0,0,160,0,77,7,0,0,94,91,44,0,0,91,0,0,0,0
149,fs_lightplane89,0,-3152,367,0,-87,7,0,0,0,160,0,78,7,0,0,94,91,44,0,0,91,0,0,0,0
150,fs_lightplane89,0,-3175,369,0,-87,7,0,0,0,160,0,78,7,0,0,94,91,44,0,0,91,0,0,0,0
151,fs_lightplane89,0,-3199,371,0,-87,7,0,0,0,160,0,78,7,0,0,94,91,44,0,0,91,0,0,0,0
152,fs_lightplane89,0,-3222,373,0,-87,7,0,0,0,160,0,78,7,0,0,94,91,44,0,0,91,0,0,0,0
153,fs_lightplane89,0,-3245,376,0,-87,7,0,0,0,160,0,78,7,0,0,94,91,44,0,0,90,0,0,0,0
154,fs_lightplane89,0,-3269,378,0,-87,7,0,0,0,160,0,79,7,0,0,94,91,44,0,0,90,0,0,0,0
155,fs_lightplane89,0,-3292,380,0,-87,7,0,0,0,160,0,79,7,0,0,94,91,44,0,0,90,0,0,0,0
156,fs_lightplane89,0,-3315,382,0,-87,7,0,0,0,160,0,79,7,0,0,94,91,44,0,0,90,0,0,0,0
157,fs_lightplane89,0,-3338,384,0,-87,7,0,0,0,160,0,79,7,0,0,94,91,44,0,0,90,0,0,0,0
158,fs_lightplane89,0,-3362,386,0,-87,7,0,0,0,160,0,79,7,0,0,94,91,44,0,0,90,0,0,0,0
159,fs_lightplane89,0,-3385,388,0,-87,7,0,0,0,160,0,80,7,0,0,94,91,44,0,0,90,0,0,0,0
160,fs_lightplane89,0,-3408,390,0,-87,7,0,0,0,160,0,80,7,0,0,94,91,44,0,0,90,0,0,0,0
161,fs_lightplane89,0,-3432,392,0,-87,8,0,0,1,160,0,79,6,0,0,94,91,44,0,0,90,0,0,0,0
162,fs_lightplane89,0,-3455,395,0,-87,9,0,0,1,160,0,78,5,0,0,94,91,45,0,0,90,0,0,0,0
163,fs_lightplane89,0,-3478,397,0,-87,10,0,0,1,160,0,78,4,0,0,94,92,46,0,0,90,0,0,0,0
164,fs_lightplane89,0,-3502,400,0,-87,10,0,0,1,160,0,77,3,0,0,94,92,47,0,0,90,0,0,0,0
165,fs_lightplane89,0,-3525,403,0,-87,11,0,0,1,160,0,76,2,0,0,94,92,147,0,0,90,0,0,0,0
166,fs_lightplane89,0,-3548,406,0,-87,12,0,0,1,160,0,76,1,0,0,94,93,150,0,0,90,0,0,0,0
167,fs_lightplane89,0,-3571,410,0,-87,12,0,0,1,165,1,75,0,0,0,94,93,154,0,0,90,0,0,0,0
168,fs_lightplane89,0,-3595,413,0,-87,13,0,0,1,170,2,74,0,0,0,94,93,157,0,0,90,0,0,0,0
169,fs_lightplane89,0,-3618,417,0,-87,13,0,0,1,175,3,74,0,0,0,94,94,161,0,0,90,0,0,0,0
170,fs_lightplane89,0,-3641,421,0,-87,14,0,0,1,180,4,73,0,0,0,94,94,164,0,0,89,0,0,0,0
171,fs_lightplane89,0,-3665,425,0,-87,14,0,0,1,185,5,72,0,0,0,94,94,167,0,0,89,0,0,0,0
172,fs_lightplane89,0,-3688,429,0,-87,15,0,0,1,190,6,71,0,0,0,94,94,170,0,0,89,0,0,0,0
173,fs_lightplane89,0,-3711,433,0,-87,15,0,0,1,195,7,71,0,0,0,94,95,173,0,0,89,0,0,0,0
174,fs_lightplane89,0,-3735,437,0,-87,16,0,0,1,205,8,70,0,0,0,94,95,176,0,0,89,0,0,0,0
175,fs_lightplane89,0,-3758,442,0,-87,16,0,0,1,215,9,69,0,0,0,94,95,179,0,0,89,0,0,0,0
176,fs_lightplane89,0,-3781,446,0,-87,16,0,0,1,225,10,69,0,0,0,94,95,182,0,0,89,0,0,0,0
177,fs_lightplane89,0,-3805,451,0,-87,17,0,0,1,235,11,68,0,0,0,94,95,184,0,0,89,0,0,0,0
178,fs_lightplane89,0,-3828,455,0,-87,17,0,0,1,245,12,67,0,0,0,94,96,187,0,0,89,0,0,0,0
179,fs_lightplane89,0,-3851,460,0,-87,17,0,0,1,255,13,67,0,0,0,94,96,189,0,0,89,0,0,0,0
180,fs_lightplane89,0,-3875,465,0,-87,17,0,0,1,265,14,66,0,0,0,94,96,191,0,0,89,0,0,0,0
181,fs_lightplane89,0,-3898,470,0,-87,18,0,0,1,275,15,65,0,0,0,94,96,193,0,0,89,0,0,0,0
182,fs_lightplane89,0,-3922,475,0,-87,18,0,0,1,290,16,65,0,0,0,94,96,195,0,0,89,0,0,0,0
183,fs_lightplane89,0,-3945,480,0,-87,18,0,0,1,305,17,64,0,0,0,94,96,197,0,0,89,0,0,0,0
184,fs_lightplane89,0,-3968,485,0,-87,18,0,0,1,320,18,63,0,0,0,94,96,199,0,0,89,0,0,0,0
185,fs_lightplane89,0,-3992,490,0,-87,18,0,0,1,335,19,63,0,0,0,94,96,200,0,0,89,0,0,0,0
186,fs_lightplane89,0,-4015,495,0,-87,19,0,0,1,350,20,62,0,0,0,94,97,202,0,0,89,0,0,0,0
187,fs_lightplane89,0,-4038,500,0,-87,19,0,0,1,365,21,61,0,0,0,94,97,203,0,0,88,0,0,0,0
188,fs_lightplane89,0,-4062,505,0,-87,19,0,0,1,380,22,60,0,0,0,94,97,205,0,0,88,0,0,0,0
189,fs_lightplane89,0,-4085,510,0,-87,19,0,0,1,395,23,60,0,0,0,94,97,206,0,0,88,0,0,0,0
190,fs_lightplane89,0,-4108,515,0,-87,19,0,0,1,415,24,59,0,0,0,94,97,207,0,0,88,0,0,0,0
191,fs_lightplane89,0,-4132,521,0,-87,19,0,0,1,435,25,58,0,0,0,94,97,208,0,0,88,0,0,0,0
192,fs_lightplane89,0,-4155,526,0,-87,19,0,0,1,455,26,58,0,0,0,94,97,210,0,0,88,0,0,0,0
193,fs_lightplane89,0,-4179,531,0,-87,19,0,0,1,475,27,57,0,0,0,94,97,211,0,0,88,0,0,0,0
194,fs_lightplane89,0,-4202,537,0,-87,20,0,0,1,495,28,56,0,0,0,94,97,212,0,0,88,0,0,0,0
195,fs_lightplane89,0,-4225,542,0,-87,20,0,0,1,515,29,56,0,0,0,94,97,212,0,0,88,0,0,0,0
196,fs_lightplane89,0,-4249,547,0,-87,20,0,0,1,535,30,55,0,0,0,94,97,213,0,0,88,0,0,0,0
197,fs_lightplane89,0,-4272,553,0,-87,20,0,0,1,555,31,54,0,0,0,94,97,214,0,0,88,0,0,0,0
198,fs_lightplane89,0,-4295,558,0,-87,20,0,0,1,580,32,54,0,0,0,94,97,215,0,0,88,0,0,0,0
199,fs_lightplane89,0,-4319,564,0,-87,20,0,0,1,605,33,53,0,0,0,94,97,216,0,0,88,0,0,0,0
200,fs_lightplane89,0,-4342,569,0,-87,20,0,0,1,630,34,52,0,0,0,94,97,216,0,0,88,0,0,0,0
201,fs_lightplane89,0,-4366,575,0,-87,20,0,0,1,655,35,52,0,0,0,94,97,217,0,0,88,0,0,0,0
202,fs_lightplane89,0,-4389,580,0,-87,20,0,0,1,680,36,51,0,0,0,94,97,217,0,0,88,0,0,0,0
203,fs_lightplane89,0,-4412,586,0,-87,20,0,0,1,705,37,50,0,0,0,94,98,218,0,0,88,0,0,0,0
204,fs_lightplane89,0,-4436,591,0,-87,20,0,0,1,730,38,49,0,0,0,94,98,218,0,0,88,0,0,0,0
205,fs_lightplane89,0,-4459,597,0,-87,20,0,0,1,755,39,49,0,0,0,94,98,219,0,0,87,0,0,0,0
206,fs_lightplane89,0,-4483,602,0,-87,20,0,0,1,785,40,48,0,0,0,94,98,219,0,0,87,0,0,0,0
207,fs_lightplane89,0,-4506,608,0,-87,20,0,0,1,815,41,47,0,0,0,94,98,220,0,0,87,0,0,0,0
208,fs_lightplane89,0,-4529,613,0,-87,20,0,0,1,845,42,47,0,0,0,94,98,220,0,0,87,0,0,0,0
209,fs_lightplane89,0,-4553,619,0,-87,20,0,0,1,875,43,46,0,0,0,94,98,221,0,0,87,0,0,0,0
210,fs_lightplane89,0,-4576,625,0,-87,21,0,0,1,905,44,45,0,0,0,94,98,221,0,0,87,0,0,0,0
211,fs_lightplane89,0,-4599,630,0,-87,21,0,0,1,935,45,45,0,0,0,94,98,221,0,0,87,0,0,0,0
212,fs_lightplane89,0,-4623,636,0,-87,21,0,0,1,965,46,44,0,0,0,94,98,222,0,0,87,0,0,0,0
213,fs_lightplane89,0,-4646,642,0,-87,21,0,0,1,995,47,43,0,0,0,94,98,222,0,0,87,0,0,0,0
214,fs_lightplane89,0,-4670,647,0,-87,21,0,0,1,1030,48,43,0,0,0,94,98,222,0,0,87,0,0,0,0
215,fs_lightplane89,0,-4693,653,0,-87,21,0,0,1,1065,49,42,0,0,0,94,98,223,0,0,87,0,0,0,0
216,fs_lightplane89,0,-4716,658,0,-87,21,0,0,1,1100,50,41,0,0,0,94,98,223,0,0,87,0,0,0,0
217,fs_lightplane89,0,-4740,664,0,-87,21,0,0,1,1135,51,41,0,0,0,94,98,223,0,0,87,0,0,0,0
218,fs_lightplane89,0,-4763,670,0,-87,21,0,0,1,1170,52,40,0,0,0,94,98,223,0,0,87,0,0,0,0
219,fs_lightplane89,0,-4787,675,0,-87,21,0,0,1,1205,53,39,0,0,0,94,98,223,0,0,87,0,0,0,0
220,fs_lightplane89,0,-4810,681,0,-87,21,0,0,1,1240,54,38,0,0,0,94,98,223,0,0,87,0,0,0,0
221,fs_lightplane89,0,-4833,687,0,-87,21,0,0,1,1275,55,38,0,0,0,94,98,224,0,0,87,0,0,0,0
222,fs_lightplane89,0,-4857,692,0,-87,21,0,0,1,1315,56,37,0,0,0,94,98,224,0,0,86,0,0,0,0
223,fs_lightplane89,0,-4880,698,0,-87,21,0,0,1,1355,57,36,0,0,0,94,98,224,0,0,86,0,0,0,0
224,fs_lightplane89,0,-4904,704,0,-87,21,0,0,1,1395,58,36,0,0,0,94,98,224,0,0,86,0,0,0,0
225,fs_lightplane89,0,-4927,709,0,-87,21,0,0,1,1435,59,35,0,0,0,94,98,224,0,0,86,0,0,0,0
226,fs_lightplane89,0,-4950,715,0,-87,21,0,0,1,1475,60,34,0,0,0,94,98,224,0,0,86,0,0,0,0
227,fs_lightplane89,0,-4974,721,0,-87,21,0,0,1,1515,61,34,0,0,0,94,98,224,0,0,86,0,0,0,0
228,fs_lightplane89,0,-4997,727,0,-87,21,0,0,1,1555,62,33,0,0,0,94,98,224,0,0,86,0,0,0,0
229,fs_lightplane89,0,-5020,732,0,-87,21,0,0,1,1595,63,32,0,0,0,94,98,225,0,0,86,0,0,0,0
230,fs_lightplane89,0,-5044,738,0,-87,20,0,0,0,1635,64,32,0,0,0,99,98,225,0,0,86,0,0,0,0
231,fs_lightplane89,0,-5067,743,0,-87,19,0,0,0,1675,65,33,0,0,0,100,97,216,0,0,86,0,0,0,0
232,fs_lightplane89,0,-5091,748,0,-87,18,0,0,0,1715,66,33,1,0,0,100,97,208,0,0,86,0,0,0,0
233,fs_lightplane89,0,-5114,753,0,-87,18,0,0,0,1755,67,33,1,0,0,100,97,201,0,0,86,0,0,0,0
234,fs_lightplane89,0,-5137,757,0,-87,17,0,0,0,1795,68,33,1,0,0,100,96,195,0,0,86,0,0,0,0
235,fs_lightplane89,0,-5161,762,0,-87,16,0,0,0,1835,69,33,2,0,0,100,96,190,0,0,86,0,0,0,0
236,fs_lightplane89,0,-5184,766,0,-87,16,0,0,0,1875,70,34,2,0,0,100,96,185,0,0,86,0,0,0,0
237,fs_lightplane89,0,-5208,770,0,-87,15,0,0,0,1915,71,34,3,0,0,100,95,180,0,0,86,0,0,0,0
238,fs_lightplane89,0,-5231,774,0,-87,15,0,0,0,1955,72,34,3,0,0,100,95,176,0,0,86,0,0,0,0
239,fs_lightplane89,0,-5254,778,0,-87,14,0,0,0,1995,73,34,3,0,0,100,95,172,0,0,85,0,0,0,0
240,fs_lightplane89,0,-5278,782,0,-87,14,0,0,0,2035,74,34,4,0,0,100,95,169,0,0,85,0,0,0,0
241,fs_lightplane89,0,-5301,786,0,-87,13,0,0,0,2075,75,35,4,0,0,100,94,166,0,0,85,0,0,0,0
242,fs_lightplane89,0,-5325,789,0,-87,13,0,0,0,2115,76,35,4,0,0,100,94,163,0,0,85,0,0,0,0
243,fs_lightplane89,0,-5348,793,0,-87,12,0,0,0,2155,77,35,5,0,0,100,94,161,0,0,85,0,0,0,0
244,fs_lightplane89,0,-5371,796,0,-87,12,0,0,0,2195,78,35,5,0,0,100,94,158,0,0,85,0,0,0,0
245,fs_lightplane89,0,-5395,799,0,-87,12,0,0,0,2195,78,35,6,0,0,100,94,156,0,0,85,0,0,0,0
246,fs_lightplane89,0,-5418,803,0,-87,11,0,0,0,2195,78,35,6,0,0,100,93,154,0,0,85,0,0,0,0
247,fs_lightplane89,0,-5442,806,0,-87,11,0,0,0,2195,78,36,6,0,0,100,93,153,0,0,85,0,0,0,0
248,fs_lightplane89,0,-5465,809,0,-87,11,0,0,0,2195,78,36,6,0,0,100,93,151,0,0,85,0,0,0,0
249,fs_lightplane89,0,-5488,812,0,-87,11,0,0,0,2195,78,36,6,0,0,100,93,150,0,0,85,0,0,0,0
250,fs_lightplane89,0,-5512,815,0,-87,10,0,0,0,2195,78,36,6,0,0,100,93,148,0,0,85,0,0,0,0
251,fs_lightplane89,0,-5535,818,0,-87,10,0,0,0,2195,78,36,6,0,0,100,93,147,0,0,85,0,0,0,0
252,fs_lightplane89,0,-5558,820,0,-87,10,0,0,0,2195,78,37,6,0,0,100,93,146,0,0,85,0,0,0,0
253,fs_lightplane89,0,-5582,823,0,-87,10,0,0,0,2195,78,37,6,0,0,100,92,145,0,0,85,0,0,0,0
254,fs_lightplane89,0,-5605,826,0,-87,10,0,0,0,2195,78,37,6,0,0,100,92,48,0,0,85,0,0,0,0
255,fs_lightplane89,0,-5629,828,0,-87,9,0,0,0,2195,78,37,6,0,0,100,92,47,0,0,85,0,0,0,0
256,fs_lightplane89,0,-5652,831,0,-87,9,0,0,0,2195,78,37,6,0,0,100,92,47,0,0,84,0,0,0,0
257,fs_lightplane89,0,-5675,834,0,-87,9,0,0,0,2195,78,38,6,0,0,100,92,47,0,0,84,0,0,0,0
258,fs_lightplane89,0,-5699,836,0,-87,9,0,0,0,2195,78,38,6,0,0,100,92,47,0,0,84,0,0,0,0
259,fs_lightplane89,0,-5722,839,0,-87,9,0,0,0,2195,78,38,6,0,0,100,92,47,0,0,84,0,0,0,0
260,fs_lightplane89,0,-5745,841,0,-87,9,0,0,0,2195,78,38,6,0,0,100,92,46,0,0,84,0,0,0,0
261,fs_lightplane89,0,-5769,844,0,-87,9,0,0,0,2195,78,38,6,0,0,100,92,46,0,0,84,0,0,0,0
262,fs_lightplane89,0,-5792,846,0,-87,9,0,0,0,2195,78,38,6,0,0,100,92,46,0,0,84,0,0,0,0
263,fs_lightplane89,0,-5815,848,0,-87,8,0,0,0,2195,78,39,6,0,0,100,92,46,0,0,84,0,0,0,0
264,fs_lightplane89,0,-5839,851,0,-87,8,0,0,0,2195,78,39,6,0,0,100,92,46,0,0,84,0,0,0,0
265,fs_lightplane89,0,-5862,853,0,-87,8,0,0,0,2195,78,39,6,0,0,100,91,46,0,0,84,0,0,0,0
266,fs_lightplane89,0,-5886,856,0,-87,8,0,0,0,2195,78,39,6,0,0,100,91,45,0,0,84,0,0,0,0
267,fs_lightplane89,0,-5909,858,0,-87,8,0,0,0,2195,78,39,6,0,0,100,91,45,0,0,84,0,0,0,0
268,fs_lightplane89,0,-5932,860,0,-87,8,0,0,0,2195,78,40,6,0,0,100,91,45,0,0,84,0,0,0,0
269,fs_lightplane89,0,-5956,862,0,-87,8,0,0,0,2195,78,40,6,0,0,100,91,45,0,0,84,0,0,0,0
270,fs_lightplane89,0,-5979,865,0,-87,8,0,0,0,2195,78,40,6,0,0,100,91,45,0,0,84,0,0,0,0
271,fs_lightplane89,0,-6002,867,0,-87,8,0,0,0,2195,78,40,6,0,0,100,91,45,0,0,84,0,0,0,0
272,fs_lightplane89,0,-6026,869,0,-87,8,0,0,0,2195,78,40,6,0,0,100,91,45,0,0,84,0,0,0,0
273,fs_lightplane89,0,-6049,871,0,-87,8,0,0,0,2195,78,41,6,0,0,100,91,45,0,0,83,0,0,0,0
274,fs_lightplane89,0,-6072,874,0,-87,8,0,0,0,2195,78,41,6,0,0,100,91,45,0,0,83,0,0,0,0
275,fs_lightplane89,0,-6095,876,0,-87,8,0,0,0,2195,78,41,6,0,0,100,91,45,0,0,83,0,0,0,0
276,fs_lightplane89,0,-6119,878,0,-87,8,0,0,0,2195,78,41,6,0,0,100,91,45,0,0,83,0,0,0,0
277,fs_lightplane89,0,-6142,880,0,-87,8,0,0,0,2195,78,41,6,0,0,100,91,45,0,0,83,0,0,0,0
278,fs_lightplane89,0,-6165,882,0,-87,8,0,0,0,2195,78,41,6,0,0,100,91,45,0,0,83,0,0,0,0
279,fs_lightplane89,0,-6189,884,0,-87,8,0,0,0,2195,78,42,6,0,0,100,91,45,0,0,83,0,0,0,0
280,fs_lightplane89,0,-6212,887,0,-87,8,0,0,0,2195,78,42,6,0,0,100,91,44,0,0,83,0,0,0,0
281,fs_lightplane89,0,-6235,889,0,-87,7,0,0,0,2195,78,42,6,0,0,100,91,44,0,0,83,0,0,0,0
282,fs_lightplane89,0,-6259,891,0,-87,7,0,0,0,2195,78,42,6,0,0,100,91,44,0,0,83,0,0,0,0
283,fs_lightplane89,0,-6282,893,0,-87,7,0,0,0,2195,78,42,6,0,0,100,91,44,0,0,83,0,0,0,0
284,fs_lightplane89,0,-6305,895,0,-87,7,0,0,0,2195,78,43,6,0,0,100,91,44,0,0,83,0,0,0,0
285,fs_lightplane89,0,-6329,897,0,-87,7,0,0,0,2195,78,43,6,0,0,100,91,44,0,0,83,0,0,0,0
286,fs_lightplane89,0,-6352,899,0,-87,7,0,0,0,2195,78,43,6,0,0,100,91,44,0,0,83,0,0,0,0
287,fs_lightplane89,0,-6375,901,0,-87,7,0,0,0,2195,78,43,6,0,0,100,91,44,0,0,83,0,0,0,0
288,fs_lightplane89,0,-6399,903,0,-87,7,0,0,0,2195,78,43,6,0,0,100,91,44,0,0,83,0,0,0,0
289,fs_lightplane89,0,-6422,905,0,-87,7,0,0,0,2195,78,44,6,0,0,100,91,44,0,0,83,0,0,0,0
290,fs_lightplane89,0,-6445,908,0,-87,7,0,0,0,2195,78,44,6,0,0,100,91,44,0,0,82,0,0,0,0
291,fs_lightplane89,0,-6469,910,0,-87,7,0,0,0,2195,78,44,6,0,0,100,91,44,0,0,82,0,0,0,0
292,fs_lightplane89,0,-6492,912,0,-87,7,0,0,0,2195,78,44,6,0,0,100,91,44,0,0,82,0,0,0,0
293,fs_lightplane89,0,-6515,914,0,-87,7,0,0,0,2195,78,44,6,0,0,100,91,44,0,0,82,0,0,0,0
294,fs_lightplane89,0,-6538,916,0,-87,7,0,0,0,2195,78,44,6,0,0,100,91,44,0,0,82,0,0,0,0
295,fs_lightplane89,0,-6562,918,0,-87,7,0,0,0,2195,78,45,6,0,0,100,91,44,0,0,82,0,0,0,0
296,fs_lightplane89,0,-6585,920,0,-87,7,0,0,0,2195,78,45,6,0,0,100,91,44,0,0,82,0,0,0,0
297,fs_lightplane89,0,-6608,922,0,-87,7,0,0,0,2195,78,45,6,0,0,100,91,44,0,0,82,0,0,0,0
298,fs_lightplane89,0,-6632,924,0,-87,7,0,0,0,2195,78,45,6,0,0,100,91,44,0,0,82,0,0,0,0
299,fs_lightplane89,0,-6655,926,0,-87,7,0,0,0,2195,78,45,6,0,0,100,91,44,0,0,82,0,0,0,0
300,fs_lightplane89,0,-6678,928,0,-87,7,0,0,0,2195,78,46,6,0,0,100,91,44,0,0,82,0,0,0,0
301,fs_lightplane89,0,-6702,930,0,-87,7,0,0,0,2195,78,46,6,0,0,100,91,44,0,0,82,0,0,0,0
302,fs_lightplane89,0,-6725,932,0,-87,7,0,0,0,2195,78,46,6,0,0,100,91,44,0,0,82,0,0,0,0
303,fs_lightplane89,0,-6748,934,0,-87,7,0,0,0,2195,78,46,6,0,0,100,91,44,0,0,82,0,0,0,0
304,fs_lightplane89,0,-6772,936,0,-87,7,0,0,0,2195,78,46,6,0,0,100,91,44,0,0,82,0,0,0,0
305,fs_lightplane89,0,-6795,938,0,-87,7,0,0,0,2195,78,47,6,0,0,100,91,44,0,0,82,0,0,0,0
306,fs_lightplane89,0,-6818,940,0,-87,7,0,0,0,2195,78,47,6,0,0,100,91,44,0,0,82,0,0,0,0
307,fs_lightplane89,0,-6842,942,0,-87,7,0,0,0,2195,78,47,6,0,0,100,91,44,0,0,81,0,0,0,0
308,fs_lightplane89,0,-6865,945,0,-87,7,0,0,0,2195,0,47,6,0,0,100,91,44,0,0,81,0,0,0,0
309,fs_lightplane89,0,-6888,947,0,-87,7,0,0,0,2195,0,47,6,0,0,100,91,44,0,0,81,0,0,0,0
310,fs_lightplane89,0,-6911,949,0,-87,7,0,0,0,2195,0,47,6,0,0,100,91,44,0,0,81,0,0,0,0
311,fs_lightplane89,0,-6935,951,0,-87,7,0,0,0,2195,0,48,6,0,0,100,91,44,0,0,81,0,0,0,0
312,fs_lightplane89,0,-6958,953,0,-87,7,0,0,0,2195,0,48,6,0,0,100,91,44,0,0,81,0,0,0,0
313,fs_lightplane89,0,-6981,955,0,-87,7,0,0,0,2195,0,48,6,0,0,100,91,44,0,0,81,0,0,0,0
314,fs_lightplane89,0,-7005,957,0,-87,7,0,0,0,2195,0,48,6,0,0,100,91,44,0,0,81,0,0,0,0
315,fs_lightplane89,0,-7028,959,0,-87,7,0,0,0,2195,0,48,6,0,0,100,91,44,0,0,81,0,0,0,0
316,fs_lightplane89,0,-7051,961,0,-87,7,0,0,0,2195,0,49,6,0,0,100,91,44,0,0,81,0,0,0,0
317,fs_lightplane89,0,-7075,963,0,-87,7,0,0,0,2195,0,49,6,0,0,100,91,44,0,0,81,0,0,0,0
318,fs_lightplane89,0,-7098,965,0,-87,7,0,0,0,2195,0,49,6,0,0,100,91,44,0,0,81,0,0,0,0
319,fs_lightplane89,0,-7121,967,0,-87,7,0,0,0,2195,0,49,6,0,0,100,91,44,0,0,81,0,0,0,0
320,fs_lightplane89,0,-7145,969,0,-87,7,0,0,0,2195,0,49,6,0,0,100,91,44,0,0,81,0,0,0,0
321,fs_lightplane89,0,-7168,971,0,-87,7,0,0,0,2195,0,50,6,0,0,100,91,44,0,0,81,0,0,0,0
322,fs_lightplane89,0,-7191,973,0,-87,7,0,0,0,2195,0,50,6,0,0,100,91,44,0,0,81,0,0,0,0
323,fs_lightplane89,0,-7215,975,0,-87,7,0,0,0,2195,0,50,6,0,0,100,91,44,0,0,81,0,0,0,0
324,fs_lightplane89,0,-7238,977,0,-87,7,0,0,0,2195,0,50,6,0,0,100,91,44,0,0,80,0,0,1,0
325,fs_lightplane89,0,-7261,979,0,-87,7,0,0,0,2195,0,50,6,0,0,100,91,44,0,0,80,0,0,1,0
326,fs_lightplane89,0,-7284,981,0,-87,7,0,0,0,2195,0,50,6,0,0,100,91,44,0,0,80,0,0,1,0
327,fs_lightplane89,0,-7308,983,0,-87,7,0,0,0,2195,0,51,6,0,0,100,91,44,0,0,80,0,0,1,0
328,fs_lightplane89,0,-7331,985,0,-87,7,0,0,0,2195,0,51,6,0,0,100,91,44,0,0,80,0,0,1,0
329,fs_lightplane89,0,-7354,987,0,-87,7,0,0,0,2195,0,51,6,0,0,100,91,44,0,0,80,0,0,1,0
330,fs_lightplane89,0,-7378,989,0,-87,7,0,0,0,2195,0,51,6,0,0,100,91,44,0,0,80,0,0,1,0
331,fs_lightplane89,0,-7401,991,0,-87,7,0,0,0,2195,0,51,6,0,0,100,91,44,0,0,80,0,0,1,0
332,fs_lightplane89,0,-7424,993,0,-87,7,0,0,0,2195,0,52,6,0,0,100,91,44,0,0,80,0,0,1,0
333,fs_lightplane89,0,-7448,995,0,-87,7,0,0,0,2195,0,52,6,0,0,100,91,44,0,0,80,0,0,1,0
334,fs_lightplane89,0,-7471,997,0,-87,7,0,0,0,2195,0,52,6,0,0,100,91,44,0,0,80,0,0,1,0
335,fs_lightplane89,0,-7494,999,0,-87,7,0,0,0,2195,0,52,6,0,0,100,91,44,0,0,80,0,0,1,0
336,fs_lightplane89,0,-7518,1001,0,-87,7,0,0,0,2195,0,52,6,0,0,100,91,44,0,0,80,0,0,1,0
337,fs_lightplane89,0,-7541,1003,0,-87,7,0,0,0,2195,0,53,6,0,0,100,91,44,0,0,80,0,0,1,0
338,fs_lightplane89,0,-7564,1006,0,-87,7,0,0,0,2195,0,53,6,0,0,100,91,44,0,0,80,0,0,1,0
339,fs_lightplane89,0,-7588,1008,0,-87,7,0,0,0,2195,0,53,6,0,0,100,91,44,0,0,80,0,0,1,0
340,fs_lightplane89,0,-7611,1010,0,-87,7,0,0,0,2195,0,53,6,0,0,100,91,44,0,0,80,0,0,1,0
341,fs_lightplane89,0,-7634,1012,0,-87,7,0,0,0,2195,0,53,6,0,0,100,91,44,0,0,79,0,0,1,0
342,fs_lightplane89,0,-7657,1014,0,-87,7,0,0,0,2195,0,53,6,0,0,100,91,44,0,0,79,0,0,1,0
343,fs_lightplane89,0,-7681,1016,0,-87,7,0,0,0,2195,0,54,6,0,0,100,91,44,0,0,79,0,0,1,0
344,fs_lightplane89,0,-7704,1018,0,-87,7,0,0,0,2195,0,54,6,0,0,100,91,44,0,0,79,0,0,1,0
345,fs_lightplane89,0,-7727,1020,0,-87,7,0,0,0,2195,0,54,6,0,0,100,91,44,0,0,79,0,0,1,0
346,fs_lightplane89,0,-7751,1022,0,-87,7,0,0,0,2195,0,54,6,0,0,100,91,44,0,0,79,0,0,1,0
347,fs_lightplane89,0,-7774,1024,0,-87,7,0,0,0,2195,0,54,6,0,0,100,91,44,0,0,79,0,0,1,0
348,fs_lightplane89,0,-7797,1026,0,-87,7,0,0,0,2195,0,55,6,0,0,100,91,44,0,0,79,0,0,1,0
349,fs_lightplane89,0,-7821,1028,0,-87,7,0,0,0,2195,0,55,6,0,0,100,91,44,0,0,79,0,0,1,0
350,fs_lightplane89,0,-7844,1030,0,-87,7,0,0,0,2195,0,55,6,0,0,100,91,44,0,0,79,0,0,1,0
351,fs_lightplane89,0,-7867,1032,0,-87,7,0,0,0,2195,0,55,6,0,0,100,91,44,0,0,79,0,0,1,0
352,fs_lightplane89,0,-7891,1034,0,-87,7,0,0,0,2195,0,55,6,0,0,100,91,44,0,0,79,0,0,1,0
353,fs_lightplane89,0,-7914,1036,0,-87,7,0,0,0,2195,0,56,6,0,0,100,91,44,0,0,79,0,0,1,0
354,fs_lightplane89,0,-7937,1038,0,-87,7,0,0,0,2195,0,56,6,0,0,100,91,44,0,0,79,0,0,1,0
355,fs_lightplane89,0,-7961,1040,0,-87,7,0,0,0,2195,0,56,6,0,0,100,91,44,0,0,79,0,0,1,0
356,fs_lightplane89,0,-7984,1042,0,-87,7,0,0,0,2195,0,56,6,0,0,100,91,44,0,0,79,0,0,1,0
357,fs_lightplane89,0,-8007,1044,0,-87,7,0,0,0,2195,0,56,6,0,0,100,91,44,0,0,79,0,0,1,0
358,fs_lightplane89,0,-8030,1046,0,-87,7,0,0,0,2195,0,56,6,0,0,100,91,44,0,0,78,0,0,1,0
359,fs_lightplane89,0,-8054,1048,0,-87,7,0,0,0,2195,0,57,6,0,0,100,91,44,0,0,78,0,0,1,0
360,fs_lightplane89,0,-8077,1050,0,-87,7,0,0,0,2195,0,57,6,0,0,100,91,44,0,0,78,0,0,1,0
361,fs_lightplane89,0,-8100,1052,0,-87,7,0,0,0,2195,0,57,6,0,0,100,91,44,0,0,78,0,0,1,0
362,fs_lightplane89,0,-8124,1054,0,-87,7,0,0,0,2195,0,57,6,0,0,100,91,44,0,0,78,0,0,1,0
363,fs_lightplane89,0,-8147,1056,0,-87,7,0,0,0,2195,0,57,6,0,0,100,91,44,0,0,78,0,0,1,0
364,fs_lightplane89,0,-8170,1058,0,-87,7,0,0,0,2195,0,58,6,0,0,100,91,44,0,0,78,0,0,1,0
365,fs_lightplane89,0,-8194,1060,0,-87,7,0,0,0,2195,0,58,6,0,0,100,91,44,0,0,78,0,0,1,0
366,fs_lightplane89,0,-8217,1062,0,-87,7,0,0,0,2195,0,58,6,0,0,100,91,44,0,0,78,0,0,1,0
367,fs_lightplane89,0,-8240,1064,0,-87,7,0,0,0,2195,0,58,6,0,0,100,91,44,0,0,78,0,0,1,0
368,fs_lightplane89,0,-8264,1066,0,-87,7,0,0,0,2195,0,58,6,0,0,100,91,44,0,0,78,0,0,1,0
369,fs_lightplane89,0,-8287,1068,0,-87,7,0,0,0,2195,0,59,6,0,0,100,91,44,0,0,78,0,0,1,0
370,fs_lightplane89,0,-8310,1071,0,-87,7,0,0,0,2195,0,59,6,0,0,100,91,44,0,0,78,0,0,1,0
371,fs_lightplane89,0,-8334,1073,0,-87,7,0,0,0,2195,0,59,6,0,0,100,91,44,0,0,78,0,0,1,0
372,fs_lightplane89,0,-8357,1075,0,-87,7,0,0,0,2195,0,59,6,0,0,100,91,44,0,0,78,0,0,1,0
373,fs_lightplane89,0,-8380,1077,0,-87,7,0,0,0,2195,0,59,6,0,0,100,91,44,0,0,78,0,0,1,0
374,fs_lightplane89,0,-8403,1079,0,-87,7,0,0,0,2195,0,59,6,0,0,100,91,44,0,0,78,0,0,1,0
375,fs_lightplane89,0,-8427,1081,0,-87,7,0,0,0,2195,0,60,6,0,0,100,91,44,0,0,77,0,0,1,0
376,fs_lightplane89,0,-8450,1083,0,-87,7,0,0,0,2195,0,60,6,0,0,100,91,44,0,0,77,0,0,1,0
377,fs_lightplane89,0,-8473,1085,0,-87,7,0,0,0,2195,0,60,6,0,0,100,91,44,0,0,77,0,0,1,0
378,fs_lightplane89,0,-8497,1087,0,-87,7,0,0,0,2195,0,60,6,0,0,100,91,44,0,0,77,0,0,1,0
379,fs_lightplane89,0,-8520,1089,0,-87,7,0,0,0,2195,0,60,6,0,0,100,91,44,0,0,77,0,0,1,0
380,fs_lightplane89,0,-8543,1091,0,-87,7,0,0,0,2195,0,61,6,0,0,100,91,44,0,0,77,0,0,1,0
381,fs_lightplane89,0,-8567,1093,0,-87,7,0,0,0,2195,0,61,6,0,0,100,91,44,0,0,77,0,0,1,0
382,fs_lightplane89,0,-8590,1095,0,-87,7,0,0,0,2195,0,61,6,0,0,100,91,44,0,0,77,0,0,1,0
383,fs_lightplane89,0,-8613,1097,0,-87,7,0,0,0,2195,0,61,6,0,0,100,91,44,0,0,77,0,0,1,0
384,fs_lightplane89,0,-8637,1099,0,-87,7,0,0,0,2195,0,61,6,0,0,100,91,44,0,0,77,0,0,1,0
385,fs_lightplane89,0,-8660,1101,0,-87,7,0,0,0,2195,0,62,6,0,0,100,91,44,0,0,77,0,0,1,0
386,fs_lightplane89,0,-8683,1103,0,-87,7,0,0,0,2195,0,62,6,0,0,100,91,44,0,0,77,0,0,1,0
387,fs_lightplane89,0,-8707,1105,0,-87,7,0,0,0,2195,0,62,6,0,0,100,91,44,0,0,77,0,0,1,0
388,fs_lightplane89,0,-8730,1107,0,-87,7,0,0,0,2195,0,62,6,0,0,100,91,44,0,0,77,0,0,1,0
389,fs_lightplane89,0,-8753,1109,0,-87,7,0,0,0,2195,0,62,6,0,0,100,91,44,0,0,77,0,0,1,0
390,fs_lightplane89,0,-8776,1111,0,-87,7,0,0,0,2195,0,62,6,0,0,100,91,44,0,0,77,0,0,1,0
391,fs_lightplane89,0,-8800,1113,0,-87,7,0,0,0,2195,0,63,6,0,0,100,91,44,0,0,77,0,0,1,0
392,fs_lightplane89,0,-8823,1115,0,-87,7,0,0,0,2195,0,63,6,0,0,100,91,44,0,0,76,0,0,1,0
393,fs_lightplane89,0,-8846,1117,0,-87,7,0,0,0,2195,0,63,6,0,0,100,91,44,0,0,76,0,0,1,0
394,fs_lightplane89,0,-8870,1119,0,-87,7,0,0,0,2195,0,63,6,0,0,100,91,44,0,0,76,0,0,1,0
395,fs_lightplane89,0,-8893,1121,0,-87,7,0,0,0,2195,0,63,6,0,0,100,91,44,0,0,76,0,0,1,0
396,fs_lightplane89,0,-8916,1123,0,-87,7,0,0,0,2195,0,64,6,0,0,100,91,44,0,0,76,0,0,1,0
397,fs_lightplane89,0,-8940,1125,0,-87,7,0,0,0,2195,0,64,6,0,0,100,91,44,0,0,76,0,0,1,0
398,fs_lightplane89,0,-8963,1127,0,-87,7,0,0,0,2195,0,64,6,0,0,100,91,44,0,0,76,0,0,1,0
399,fs_lightplane89,0,-8986,1129,0,-87,7,0,0,0,2195,0,64,6,0,0,100,91,44,0,0,76,0,0,1,0
400,fs_lightplane89,0,-9010,1131,0,-87,7,0,0,0,2195,0,64,6,0,0,100,91,44,0,0,76,0,0,1,0
401,fs_lightplane89,0,-9033,1133,0,-87,7,0,0,0,2195,0,65,6,0,0,100,91,44,0,0,76,0,0,1,0
402,fs_lightplane89,0,-9056,1136,0,-87,7,0,0,0,2195,0,65,6,0,0,100,91,44,0,0,76,0,0,1,0
403,fs_lightplane89,0,-9080,1138,0,-87,7,0,0,0,2195,0,65,6,0,0,100,91,44,0,0,76,0,0,1,0
404,fs_lightplane89,0,-9103,1140,0,-87,7,0,0,0,2195,0,65,6,0,0,100,91,44,0,0,76,0,0,1,0
405,fs_lightplane89,0,-9126,1142,0,-87,7,0,0,0,2195,0,65,6,0,0,100,91,44,0,0,76,0,0,1,0
406,fs_lightplane89,0,-9149,1144,0,-87,7,0,0,0,2195,0,65,6,0,0,100,91,44,0,0,76,0,0,1,0
407,fs_lightplane89,0,-9173,1146,0,-87,7,0,0,0,2195,0,66,6,0,0,100,91,44,0,0,76,0,0,1,0
408,fs_lightplane89,0,-9196,1148,0,-87,7,0,0,0,2195,0,66,6,0,0,100,91,44,0,0,76,0,0,1,0
409,fs_lightplane89,0,-9219,1150,0,-87,7,0,0,0,2195,0,66,6,0,0,100,91,44,0,0,75,0,0,1,0
410,fs_lightplane89,0,-9243,1152,0,-87,7,0,0,0,2195,0,66,6,0,0,100,91,44,0,0,75,0,0,1,0
411,fs_lightplane89,0,-9266,1154,0,-87,7,0,0,0,2195,0,66,6,0,0,100,91,44,0,0,75,0,0,1,0
412,fs_lightplane89,0,-9289,1156,0,-87,7,0,0,0,2195,0,67,6,0,0,100,91,44,0,0,75,0,0,1,0
413,fs_lightplane89,0,-9313,1158,0,-87,7,0,0,0,2195,0,67,6,0,0,100,91,44,0,0,75,0,0,1,0
414,fs_lightplane89,0,-9336,1160,0,-87,7,0,0,0,2195,0,67,6,0,0,100,91,44,0,0,75,0,0,1,0
415,fs_lightplane89,0,-9359,1162,0,-87,7,0,0,0,2195,0,67,6,0,0,100,91,44,0,0,75,0,0,1,0
416,fs_lightplane89,0,-9383,1164,0,-87,7,0,0,0,2195,0,67,6,0,0,100,91,44,0,0,75,0,0,1,0
417,fs_lightplane89,0,-9406,1166,0,-87,7,0,0,0,2195,0,68,6,0,0,100,91,44,0,0,75,0,0,1,0
418,fs_lightplane89,0,-9429,1168,0,-87,7,0,0,0,2195,0,68,6,0,0,100,91,44,0,0,75,0,0,1,0
419,fs_lightplane89,0,-9453,1170,0,-87,7,0,0,0,2195,0,68,6,0,0,100,91,44,0,0,75,0,0,1,0
420,fs_lightplane89,0,-9476,1172,0,-87,7,0,0,0,2195,0,68,6,0,0,100,91,44,0,0,75,0,0,1,0
421,fs_lightplane89,0,-9499,1174,0,-87,7,0,0,0,2195,0,68,6,0,0,100,91,44,0,0,75,0,0,1,0
422,fs_lightplane89,0,-9522,1176,0,-87,7,0,0,0,2195,0,68,6,0,0,100,91,44,0,0,75,0,0,1,0
423,fs_lightplane89,0,-9546,1178,0,-87,7,0,0,0,2195,0,69,6,0,0,100,91,44,0,0,75,0,0,1,0
424,fs_lightplane89,0,-9569,1180,0,-87,7,0,0,0,2195,0,69,6,0,0,100,91,44,0,0,75,0,0,1,0
425,fs_lightplane89,0,-9592,1182,0,-87,7,0,0,0,2195,0,69,6,0,0,100,91,44,0,0,75,0,0,1,0
426,fs_lightplane89,0,-9616,1184,0,-87,7,0,0,0,2195,0,69,6,0,0,100,91,44,0,0,74,0,0,1,0
427,fs_lightplane89,0,-9639,1186,0,-87,7,0,0,0,2195,0,69,6,0,0,100,91,44,0,0,74,0,0,1,0
428,fs_lightplane89,0,-9662,1188,0,-87,7,0,0,0,2195,0,70,6,0,0,100,91,44,0,0,74,0,0,1,0
429,fs_lightplane89,0,-9686,1190,0,-87,7,0,0,0,2195,0,70,6,0,0,100,91,44,0,0,74,0,0,1,0
430,fs_lightplane89,0,-9709,1192,0,-87,7,0,0,0,2195,0,70,6,0,0,100,91,44,0,0,74,0,0,1,0
431,fs_lightplane89,0,-9732,1194,0,-87,7,0,0,0,2195,0,70,6,0,0,100,91,44,0,0,74,0,0,1,0
432,fs_lightplane89,0,-9756,1196,0,-87,7,0,0,0,2195,0,70,6,0,0,100,91,44,0,0,74,0,0,1,0
433,fs_lightplane89,0,-9779,1198,0,-87,7,0,0,0,2195,0,71,6,0,0,100,91,44,0,0,74,0,0,1,0
434,fs_lightplane89,0,-9802,1201,0,-87,7,0,0,0,2195,0,71,6,0,0,100,91,44,0,0,74,0,0,1,0
435,fs_lightplane89,0,-9826,1203,0,-87,7,0,0,0,2195,0,71,6,0,0,100,91,44,0,0,74,0,0,1,0
436,fs_lightplane89,0,-9849,1205,0,-87,7,0,0,0,2195,0,71,6,0,0,100,91,44,0,0,74,0,0,1,0
437,fs_lightplane89,0,-9872,1207,0,-87,7,0,0,0,2195,0,71,6,0,0,100,91,44,0,0,74,0,0,1,0
438,fs_lightplane89,0,-9895,1209,0,-87,7,0,0,0,2195,0,71,6,0,0,100,91,44,0,0,74,0,0,1,0
439,fs_lightplane89,0,-9919,1211,0,-87,7,0,0,0,2195,0,72,6,0,0,100,91,44,0,0,74,0,0,1,0
440,fs_lightplane89,0,-9942,1213,0,-87,7,0,0,0,2195,0,72,6,0,0,100,91,44,0,0,74,0,0,1,0
441,fs_lightplane89,0,-9965,1215,0,-87,7,0,0,0,2195,0,72,6,0,0,100,91,44,0,0,74,0,0,1,0
442,fs_lightplane89,0,-9989,1217,0,-87,7,0,0,0,2195,0,72,6,0,0,100,91,44,0,0,74,0,0,1,0
443,fs_lightplane89,0,-10012,1219,0,-87,7,0,0,0,2195,0,72,6,0,0,100,91,44,0,0,73,0,0,1,0
444,fs_lightplane89,0,-10035,1221,0,-87,7,0,0,0,2195,0,73,6,0,0,100,91,44,0,0,73,0,0,1,0
445,fs_lightplane89,0,-10059,1223,0,-87,7,0,0,0,2195,0,73,6,0,0,100,91,44,0,0,73,0,0,1,0
446,fs_lightplane89,0,-10082,1225,0,-87,7,0,0,0,2195,0,73,6,0,0,100,91,44,0,0,73,0,0,1,0
447,fs_lightplane89,0,-10105,1227,0,-87,7,0,0,0,2195,0,73,6,0,0,100,91,44,0,0,73,0,0,1,0
448,fs_lightplane89,0,-10129,1229,0,-87,7,0,0,0,2195,0,73,6,0,0,100,91,44,0,0,73,0,0,1,0
449,fs_lightplane89,0,-10152,1231,0,-87,7,0,0,0,2195,0,74,6,0,0,100,91,44,0,0,73,0,0,1,0
450,fs_lightplane89,0,-10175,1233,0,-87,7,0,0,0,2195,0,74,6,0,0,100,91,44,0,0,73,0,0,1,0
451,fs_lightplane89,0,-10199,1235,0,-87,7,0,0,0,2195,0,74,6,0,0,100,91,44,0,0,73,0,0,1,0
452,fs_lightplane89,0,-10222,1237,0,-87,7,0,0,0,2195,0,74,6,0,0,100,91,44,0,0,73,0,0,1,0
453,fs_lightplane89,0,-10245,1239,0,-87,7,0,0,0,2195,0,74,6,0,0,100,91,44,0,0,73,0,0,1,0
454,fs_lightplane89,0,-10268,1241,0,-87,7,0,0,0,2195,0,74,6,0,0,100,91,44,0,0,73,0,0,1,0
455,fs_lightplane89,0,-10292,1243,0,-87,7,0,0,0,2195,0,75,6,0,0,100,91,44,0,0,73,0,0,1,0
456,fs_lightplane89,0,-10315,1245,0,-87,7,0,0,0,2195,0,75,6,0,0,100,91,44,0,0,73,0,0,1,0
457,fs_lightplane89,0,-10338,1247,0,-87,7,0,0,0,2195,0,75,6,0,0,100,91,44,0,0,73,0,0,1,0
458,fs_lightplane89,0,-10362,1249,0,-87,7,0,0,0,2195,0,75,6,0,0,100,91,44,0,0,73,0,0,1,0
459,fs_lightplane89,0,-10385,1251,0,-87,7,0,0,0,2195,0,75,6,0,0,100,91,44,0,0,73,0,0,1,0
460,fs_lightplane89,0,-10408,1253,0,-87,7,0,0,0,2195,0,76,6,0,0,100,91,44,0,0,73,0,0,1,0
461,fs_lightplane89,0,-10432,1255,0,-87,7,0,0,0,2195,0,76,6,0,0,100,91,44,0,0,72,0,0,1,0
462,fs_lightplane89,0,-10455,1257,0,-87,7,0,0,0,2195,0,76,6,0,0,100,91,44,0,0,72,0,0,1,0
463,fs_lightplane89,0,-10478,1259,0,-87,7,0,0,0,2195,0,76,6,0,0,100,91,44,0,0,72,0,0,1,0
464,fs_lightplane89,0,-10502,1261,0,-87,7,0,0,0,2195,0,76,6,0,0,100,91,44,0,0,72,0,0,1,0
465,fs_lightplane89,0,-10525,1263,0,-87,7,0,0,0,2195,0,77,6,0,0,100,91,44,0,0,72,0,0,1,0
466,fs_lightplane89,0,-10548,1266,0,-87,7,0,0,0,2195,0,77,6,0,0,100,91,44,0,0,72,0,0,1,0
467,fs_lightplane89,0,-10572,1268,0,-87,7,0,0,0,2195,0,77,6,0,0,100,91,44,0,0,72,0,0,1,0
468,fs_lightplane89,0,-10595,1270,0,-87,7,0,0,0,2195,0,77,6,0,0,100,91,44,0,0,72,0,0,1,0
469,fs_lightplane89,0,-10618,1272,0,-87,7,0,0,0,2195,0,77,6,0,0,100,91,44,0,0,72,0,0,1,0
470,fs_lightplane89,0,-10641,1274,0,-87,7,0,0,0,2195,0,77,6,0,0,100,91,44,0,0,72,0,0,1,0
471,fs_lightplane89,0,-10665,1276,0,-87,7,0,0,0,2195,0,78,6,0,0,100,91,44,0,0,72,0,0,1,0
472,fs_lightplane89,0,-10688,1278,0,-87,7,0,0,0,2195,0,78,6,0,0,100,91,44,0,0,72,0,0,1,0
473,fs_lightplane89,0,-10711,1280,0,-87,7,0,0,0,2195,0,78,6,0,0,100,91,44,0,0,72,0,0,1,0
474,fs_lightplane89,0,-10735,1282,0,-87,7,0,0,0,2195,0,78,6,0,0,100,91,44,0,0,72,0,0,1,0
475,fs_lightplane89,0,-10758,1284,0,-87,7,0,0,0,2195,0,78,6,0,0,100,91,44,0,0,72,0,0,1,0
476,fs_lightplane89,0,-10781,1286,0,-87,7,0,0,0,2195,0,79,6,0,0,100,91,44,0,0,72,0,0,1,0
477,fs_lightplane89,0,-10805,1288,0,-87,7,0,0,0,2195,0,79,6,0,0,100,91,44,0,0,72,0,0,1,0
478,fs_lightplane89,0,-10828,1290,0,-87,7,0,0,0,2195,0,79,6,0,0,100,91,44,0,0,71,0,0,1,0
479,fs_lightplane89,0,-10851,1292,0,-87,7,0,0,0,2195,0,79,6,0,0,100,91,44,0,0,71,0,0,1,0
480,fs_lightplane89,0,-10875,1294,0,-87,7,0,0,0,2195,0,79,6,0,0,100,91,44,0,0,71,0,0,1,0
481,fs_lightplane89,0,-10898,1296,0,-87,7,0,0,0,2195,0,80,6,0,0,100,91,44,0,0,71,0,0,1,0
482,fs_lightplane89,0,-10921,1298,0,-87,7,0,0,0,2195,0,80,6,0,0,100,91,44,0,0,71,0,0,1,0
483,fs_lightplane89,0,-10945,1300,0,-87,7,0,0,0,2195,0,80,6,0,0,100,91,44,0,0,71,0,0,1,0
484,fs_lightplane89,0,-10968,1302,0,-87,7,0,0,0,2195,0,80,6,0,0,100,91,44,0,0,71,0,0,1,0
485,fs_lightplane89,0,-10991,1304,0,-87,7,0,0,0,2195,0,80,6,0,0,100,91,44,0,0,71,0,0,1,0
486,fs_lightplane89,0,-11014,1306,0,-87,7,0,0,0,2195,0,80,6,0,0,100,91,44,0,0,71,0,0,1,0
487,fs_lightplane89,0,-11038,1308,0,-87,7,0,0,0,2195,0,81,6,0,0,100,91,44,0,0,71,0,0,1,0
488,fs_lightplane89,0,-11061,1310,0,-87,7,0,0,0,2195,0,81,6,0,0,100,91,44,0,0,71,0,0,1,0
489,fs_lightplane89,0,-11084,1312,0,-87,7,0,0,0,2195,0,81,6,0,0,100,91,44,0,0,71,0,0,1,0
490,fs_lightplane89,0,-11108,1314,0,-87,7,0,0,0,2195,0,81,6,0,0,100,91,44,0,0,71,0,0,1,0
491,fs_lightplane89,0,-11131,1316,0,-87,7,0,0,0,2195,0,81,6,0,0,100,91,44,0,0,71,0,0,1,0
492,fs_lightplane89,0,-11154,1318,0,-87,7,0,0,0,2195,0,82,6,0,0,100,91,44,0,0,71,0,0,1,0
493,fs_lightplane89,0,-11178,1320,0,-87,7,0,0,0,2195,0,82,6,0,0,100,91,44,0,0,71,0,0,1,0
494,fs_lightplane89,0,-11201,1322,0,-87,7,0,0,0,2195,0,82,6,0,0,100,91,44,0,0,71,0,0,1,0
495,fs_lightplane89,0,-11224,1324,0,-87,7,0,0,0,2195,0,82,6,0,0,100,91,44,0,0,70,0,0,1,0
496,fs_lightplane89,0,-11248,1326,0,-87,7,0,0,0,2195,0,82,6,0,0,100,91,44,0,0,70,0,0,1,0
497,fs_lightplane89,0,-11271,1328,0,-87,7,0,0,0,2195,0,83,6,0,0,100,91,44,0,0,70,0,0,1,0
498,fs_lightplane89,0,-11294,1331,0,-87,7,0,0,0,2195,0,83,6,0,0,100,91,44,0,0,70,0,0,1,0
499,fs_lightplane89,0,-11318,1333,0,-87,7,0,0,0,2195,0,83,6,0,0,100,91,44,0,0,70,0,0,1,0
500,fs_lightplane89,0,-11341,1335,0,-87,7,0,0,0,2195,0,83,6,0,0,100,91,44,0,0,70,0,0,1,0
501,fs_lightplane89,0,-11364,1337,0,-87,7,0,0,0,2195,0,83,6,0,0,100,91,44,0,0,70,0,0,1,0
502,fs_lightplane89,0,-11387,1339,0,-87,7,0,0,0,2195,0,83,6,0,0,100,91,44,0,0,70,0,0,1,0
503,fs_lightplane89,0,-11411,1341,0,-87,7,0,0,0,2195,0,84,6,0,0,100,91,44,0,0,70,0,0,1,0
504,fs_lightplane89,0,-11434,1343,0,-87,7,0,0,0,2195,0,84,6,0,0,100,91,44,0,0,70,0,0,1,0
505,fs_lightplane89,0,-11457,1345,0,-87,7,0,0,0,2195,0,84,6,0,0,100,91,44,0,0,70,0,0,1,0
506,fs_lightplane89,0,-11481,1347,0,-87,7,0,0,0,2195,0,84,6,0,0,100,91,44,0,0,70,0,0,1,0
507,fs_lightplane89,0,-11504,1349,0,-87,7,0,0,0,2195,0,84,6,0,0,100,91,44,0,0,70,0,0,1,0
508,fs_lightplane89,0,-11527,1351,0,-87,7,0,0,0,2195,0,85,6,0,0,100,91,44,0,0,70,0,0,1,0
509,fs_lightplane89,0,-11551,1353,0,-87,7,0,0,0,2195,0,85,6,0,0,100,91,44,0,0,70,0,0,1,0
510,fs_lightplane89,0,-11574,1355,0,-87,7,0,0,0,2195,0,85,6,0,0,100,91,44,0,0,70,0,0,1,0
511,fs_lightplane89,0,-11597,1357,0,-87,7,0,0,0,2195,0,85,6,0,0,100,91,44,0,0,70,0,0,1,0
512,fs_lightplane89,0,-11621,1359,0,-87,7,0,0,0,2195,0,85,6,0,0,100,91,44,0,0,69,0,0,1,0
513,fs_lightplane89,0,-11644,1361,0,-87,7,0,0,0,2195,0,86,6,0,0,100,91,44,0,0,69,0,0,1,0
514,fs_lightplane89,0,-11667,1363,0,-87,7,0,0,0,2195,0,86,6,0,0,100,91,44,0,0,69,0,0,1,0
515,fs_lightplane89,0,-11691,1365,0,-87,7,0,0,0,2195,0,86,6,0,0,100,91,44,0,0,69,0,0,1,0
516,fs_lightplane89,0,-11714,1367,0,-87,7,0,0,0,2195,0,86,6,0,0,100,91,44,0,0,69,0,0,1,0
517,fs_lightplane89,0,-11737,1369,0,-87,7,0,0,0,2195,0,86,6,0,0,100,91,44,0,0,69,0,0,1,0
518,fs_lightplane89,0,-11760,1371,0,-87,7,0,0,0,2195,0,86,6,0,0,100,91,44,0,0,69,0,0,1,0
519,fs_lightplane89,0,-11784,1373,0,-87,7,0,0,0,2195,0,87,6,0,0,100,91,44,0,0,69,0,0,1,0
520,fs_lightplane89,0,-11807,1375,0,-87,7,0,0,0,2195,0,87,6,0,0,100,91,44,0,0,69,0,0,1,0
521,fs_lightplane89,0,-11830,1377,0,-87,7,0,0,0,2195,0,87,6,0,0,100,91,44,0,0,69,0,0,1,0
522,fs_lightplane89,0,-11854,1379,0,-87,7,0,0,0,2195,0,87,6,0,0,100,91,44,0,0,69,0,0,1,0
523,fs_lightplane89,0,-11877,1381,0,-87,7,0,0,0,2195,0,87,6,0,0,100,91,44,0,0,69,0,0,1,0
524,fs_lightplane89,0,-11900,1383,0,-87,7,0,0,0,2195,0,88,6,0,0,100,91,44,0,0,69,0,0,1,0
525,fs_lightplane89,0,-11924,1385,0,-87,7,0,0,0,2195,0,88,6,0,0,100,91,44,0,0,69,0,0,1,0
526,fs_lightplane89,0,-11947,1387,0,-87,7,0,0,0,2195,0,88,6,0,0,100,91,44,0,0,69,0,0,1,0
527,fs_lightplane89,0,-11970,1389,0,-87,7,0,0,0,2195,0,88,6,0,0,100,91,44,0,0,69,0,0,1,0
528,fs_lightplane89,0,-11994,1391,0,-87,7,0,0,0,2195,0,88,6,0,0,100,91,44,0,0,69,0,0,1,0
529,fs_lightplane89,0,-12017,1393,0,-87,7,0,0,0,2195,0,89,6,0,0,100,91,44,0,0,68,0,0,1,0
530,fs_lightplane89,0,-12040,1396,0,-87,7,0,0,0,2195,0,89,6,0,0,100,91,44,0,0,68,0,0,1,0
531,fs_lightplane89,0,-12064,1398,0,-87,7,0,0,0,2195,0,89,6,0,0,100,91,44,0,0,68,0,0,1,0
532,fs_lightplane89,0,-12087,1400,0,-87,7,0,0,0,2195,0,89,6,0,0,100,91,44,0,0,68,0,0,1,0
533,fs_lightplane89,0,-12110,1402,0,-87,7,0,0,0,2195,0,89,6,0,0,100,91,44,0,0,68,0,0,1,0
534,fs_lightplane89,0,-12133,1404,0,-87,7,0,0,0,2195,0,89,6,0,0,100,91,44,0,0,68,0,0,1,0
535,fs_lightplane89,0,-12157,1406,0,-87,7,0,0,0,2195,0,90,6,0,0,100,91,44,0,0,68,0,0,1,0
536,fs_lightplane89,0,-12180,1408,0,-87,7,0,0,0,2195,0,90,6,0,0,100,91,44,0,0,68,0,0,1,0
537,fs_lightplane89,0,-12203,1410,0,-87,7,0,0,0,2195,0,90,6,0,0,100,91,44,0,0,68,0,0,1,0
538,fs_lightplane89,0,-12227,1412,0,-87,7,0,0,0,2195,0,90,6,0,0,100,91,44,0,0,68,0,0,1,0
539,fs_lightplane89,0,-12250,1414,0,-87,7,0,0,0,2195,0,90,6,0,0,100,91,44,0,0,68,0,0,1,0
540,fs_lightplane89,0,-12273,1416,0,-87,7,0,0,0,2195,0,91,6,0,0,100,91,44,0,0,68,0,0,1,0
541,fs_lightplane89,0,-12297,1418,0,-87,7,0,0,0,2195,0,91,6,0,0,100,91,44,0,0,68,0,0,1,0
542,fs_lightplane89,0,-12320,1420,0,-87,7,0,0,0,2195,0,91,6,0,0,100,91,44,0,0,68,0,0,1,0
543,fs_lightplane89,0,-12343,1422,0,-87,7,0,0,0,2195,0,91,6,0,0,100,91,44,0,0,68,0,0,0,0
544,fs_lightplane89,0,-12367,1424,0,-87,7,0,0,0,2195,0,91,6,0,0,100,91,44,0,0,68,0,0,0,0
545,fs_lightplane89,0,-12390,1426,0,-87,7,0,0,0,2195,0,92,6,0,0,100,91,44,0,0,68,0,0,0,0
546,fs_lightplane89,0,-12413,1428,0,-87,7,0,0,0,2195,0,92,6,0,0,100,91,44,0,0,67,0,0,0,0
547,fs_lightplane89,0,-12437,1430,0,-87,7,0,0,0,2195,0,92,6,0,0,100,91,44,0,0,67,0,0,0,0
548,fs_lightplane89,0,-12460,1432,0,-87,7,0,0,0,2195,0,92,6,0,0,100,91,44,0,0,67,0,0,0,0
549,fs_lightplane89,0,-12483,1434,0,-87,7,0,0,0,2195,0,92,6,0,0,100,91,44,0,0,67,0,0,0,0
550,fs_lightplane89,0,-12506,1436,0,-87,7,0,0,0,2195,0,92,6,0,0,100,91,44,0,0,67,0,0,0,0
551,fs_lightplane89,0,-12530,1438,0,-87,7,0,0,0,2195,0,93,6,0,0,100,91,44,0,0,67,0,0,0,0
552,fs_lightplane89,0,-12553,1440,0,-87,7,0,0,0,2195,0,93,6,0,0,100,91,44,0,0,67,0,0,0,0
553,fs_lightplane89,0,-12576,1442,0,-87,7,0,0,0,2195,0,93,6,0,0,100,91,44,0,0,67,0,0,0,0
554,fs_lightplane89,0,-12600,1444,0,-87,7,0,0,0,2195,0,93,6,0,0,100,91,44,0,0,67,0,0,0,0
555,fs_lightplane89,0,-12623,1446,0,-87,7,0,0,0,2195,0,93,6,0,0,100,91,44,0,0,67,0,0,0,0
556,fs_lightplane89,0,-12646,1448,0,-87,7,0,0,0,2195,0,94,6,0,0,100,91,44,0,0,67,0,0,0,0
557,fs_lightplane89,0,-12670,1450,0,-87,7,0,0,0,2195,0,94,6,0,0,100,91,44,0,0,67,0,0,0,0
558,fs_lightplane89,0,-12693,1452,0,-87,7,0,0,0,2195,0,94,6,0,0,100,91,44,0,0,67,0,0,0,0
559,fs_lightplane89,0,-12716,1454,0,-87,7,0,0,0,2195,0,94,6,0,0,100,91,44,0,0,67,0,0,0,0
560,fs_lightplane89,0,-12740,1456,0,-87,7,0,0,0,2195,0,94,6,0,0,100,91,44,0,0,67,0,0,0,0
561,fs_lightplane89,0,-12763,1458,0,-87,7,0,0,0,2195,0,95,6,0,0,100,91,44,0,0,67,0,0,0,0
562,fs_lightplane89,0,-12786,1461,0,-87,7,0,0,0,2195,0,95,6,0,0,100,91,44,0,0,67,0,0,0,0
563,fs_lightplane89,0,-12810,1463,0,-87,7,0,0,0,2195,0,95,6,0,0,100,91,44,0,0,66,0,0,0,0
564,fs_lightplane89,0,-12833,1465,0,-87,7,0,0,0,2195,0,95,6,0,0,100,91,44,0,0,66,0,0,0,0
565,fs_lightplane89,0,-12856,1467,0,-87,7,0,0,0,2195,0,95,6,0,0,100,91,44,0,0,66,0,0,0,0
566,fs_lightplane89,0,-12879,1469,0,-87,7,0,0,0,2195,0,95,6,0,0,100,91,44,0,0,66,0,0,0,0
567,fs_lightplane89,0,-12903,1471,0,-87,7,0,0,0,2195,0,96,6,0,0,100,91,44,0,0,66,0,0,0,0
568,fs_lightplane89,0,-12926,1473,0,-87,7,0,0,0,2195,0,96,6,0,0,100,91,44,0,0,66,0,0,0,0
569,fs_lightplane89,0,-12949,1475,0,-87,7,0,0,0,2195,0,96,6,0,0,100,91,44,0,0,66,0,0,0,0
570,fs_lightplane89,0,-12973,1477,0,-87,7,0,0,0,2195,0,96,6,0,0,100,91,44,0,0,66,0,0,0,0
571,fs_lightplane89,0,-12996,1479,0,-87,7,0,0,0,2195,0,96,6,0,0,100,91,44,0,0,66,0,0,0,0
572,fs_lightplane89,0,-13019,1481,0,-87,7,0,0,0,2195,0,97,6,0,0,100,91,44,0,0,66,0,0,0,0
573,fs_lightplane89,0,-13043,1483,0,-87,7,0,0,0,2195,0,97,6,0,0,100,91,44,0,0,66,0,0,0,0
574,fs_lightplane89,0,-13066,1485,0,-87,7,0,0,0,2195,0,97,6,0,0,100,91,44,0,0,66,0,0,0,0
575,fs_lightplane89,0,-13089,1487,0,-87,7,0,0,0,2195,0,97,6,0,0,100,91,44,0,0,66,0,0,0,0
576,fs_lightplane89,0,-13113,1489,0,-87,7,0,0,0,2195,0,97,6,0,0,100,91,44,0,0,66,0,0,0,0
577,fs_lightplane89,0,-13136,1491,0,-87,7,0,0,0,2195,0,98,6,0,0,100,91,44,0,0,66,0,0,0,0
578,fs_lightplane89,0,-13159,1493,0,-87,7,0,0,0,2195,0,98,6,0,0,100,91,44,0,0,66,0,0,0,0
579,fs_lightplane89,0,-13183,1495,0,-87,7,0,0,0,2195,0,98,6,0,0,100,91,44,0,0,66,0,0,0,0
580,fs_lightplane89,0,-13206,1497,0,-87,7,0,0,0,2195,0,98,6,0,0,100,91,44,0,0,65,0,0,0,0
581,fs_lightplane89,0,-13229,1499,0,-87,7,0,0,0,2195,0,98,6,0,0,100,91,44,0,0,65,0,0,0,0
582,fs_lightplane89,0,-13252,1501,0,-87,7,0,0,0,2195,0,98,6,0,0,100,91,44,0,0,65,0,0,0,0
583,fs_lightplane89,0,-13276,1503,0,-87,7,0,0,0,2195,0,99,6,0,0,100,91,44,0,0,65,0,0,0,0
584,fs_lightplane89,0,-13299,1505,0,-87,7,0,0,0,2195,0,99,6,0,0,100,91,44,0,0,65,0,0,0,0
585,fs_lightplane89,0,-13322,1507,0,-87,7,0,0,0,2195,0,99,6,0,0,100,91,44,0,0,65,0,0,0,0
586,fs_lightplane89,0,-13346,1509,0,-87,7,0,0,0,2195,0,99,6,0,0,100,91,44,0,0,65,0,0,0,0
587,fs_lightplane89,0,-13369,1511,0,-87,7,0,0,0,2195,0,99,6,0,0,100,91,44,0,0,65,0,0,0,0
588,fs_lightplane89,0,-13392,1513,0,-87,7,0,0,0,2195,0,100,6,0,0,100,91,44,0,0,65,0,0,0,0
589,fs_lightplane89,0,-13416,1515,0,-87,7,0,0,0,2195,0,100,6,0,0,100,91,44,0,0,65,0,0,0,0
590,fs_lightplane89,0,-13439,1517,0,-87,7,0,0,0,2195,0,100,6,0,0,100,91,44,0,0,65,0,0,0,0
591,fs_lightplane89,0,-13462,1519,0,-87,7,0,0,0,2195,0,100,6,0,0,100,91,44,0,0,65,0,0,0,0
592,fs_lightplane89,0,-13486,1521,0,-87,7,0,0,0,2195,0,100,6,0,0,100,91,44,0,0,65,0,0,0,0
593,fs_lightplane89,0,-13509,1523,0,-87,7,0,0,0,2195,0,100,6,0,0,100,91,44,0,0,65,0,0,0,0
594,fs_lightplane89,0,-13532,1526,0,-87,7,0,0,0,2195,0,100,6,0,0,100,91,44,0,0,65,0,0,0,0
595,fs_lightplane89,0,-13556,1528,0,-87,7,0,0,0,2195,0,100,6,0,0,100,91,44,0,0,65,0,0,0,0
596,fs_lightplane89,0,-13579,1530,0,-87,7,0,0,0,2195,0,100,6,0,0,100,91,44,0,0,65,0,0,0,0
597,fs_lightplane89,0,-13602,1532,0,-87,7,0,0,0,2195,0,100,6,0,0,100,91,44,0,0,64,0,0,0,0
598,fs_lightplane89,0,-13625,1534,0,-87,7,0,0,0,2195,0,100,6,0,0,100,91,44,0,0,64,0,0,0,0
599,fs_lightplane89,0,-13649,1536,0,-87,7,0,0,0,2195,0,100,6,0,0,100,91,44,0,0,64,0,0,0,0
600,fs_lightplane89,0,-13672,1538,0,-87,7,0,0,0,2195,0,100,6,0,0,100,91,44,0,0,64,0,0,0,0
601,fs_lightplane89,0,-13695,1540,0,-87,7,0,0,0,2195,0,100,6,0,0,100,91,44,0,0,64,0,0,0,0
602,fs_lightplane89,0,-13719,1542,0,-87,7,0,0,0,2195,0,100,6,0,0,100,91,44,0,0,64,0,0,0,0
603,fs_lightplane89,0,-13742,1544,0,-87,7,0,0,0,2195,0,100,6,0,0,100,91,44,0,0,64,0,0,0,0
604,fs_lightplane89,0,-13765,1546,0,-87,7,0,0,0,2195,0,100,6,0,0,100,91,44,0,0,64,0,0,0,0
605,fs_lightplane89,0,-13789,1548,0,-87,7,0,0,0,2195,0,100,6,0,0,100,91,44,0,0,64,0,0,0,0
606,fs_lightplane89,0,-13812,1550,0,-87,7,0,0,0,2195,0,100,6,0,0,100,91,44,0,0,64,0,0,0,0
607,fs_lightplane89,0,-13835,1552,0,-87,7,0,0,0,2195,0,100,6,0,0,100,91,44,0,0,64,0,0,0,0
608,fs_lightplane89,0,-13859,1554,0,-87,7,0,0,0,2195,0,100,6,0,0,100,91,44,0,0,64,0,0,0,0
609,fs_lightplane89,0,-13882,1556,0,-87,7,0,0,0,2195,0,100,6,0,0,100,91,44,0,0,64,0,0,0,0
610,fs_lightplane89,0,-13905,1558,0,-87,7,0,0,0,2195,0,100,6,0,0,100,91,44,0,0,64,0,0,0,0
611,fs_lightplane89,0,-13929,1560,0,-87,7,0,0,0,2195,0,100,6,0,0,100,91,44,0,0,64,0,0,0,0
612,fs_lightplane89,0,-13952,1562,0,-87,7,0,0,0,2195,0,100,6,0,0,100,91,44,0,0,64,0,0,0,0
613,fs_lightplane89,0,-13975,1564,0,-87,7,0,0,0,2195,0,100,6,0,0,100,91,44,0,0,64,0,0,0,0
614,fs_lightplane89,0,-13998,1566,0,-87,7,0,0,0,2195,0,100,6,0,0,100,91,44,0,0,63,0,0,0,0
615,fs_lightplane89,0,-14022,1568,0,-87,7,0,0,0,2195,0,100,6,0,0,100,91,44,0,0,63,0,0,0,0
616,fs_lightplane89,0,-14045,1570,0,-87,7,0,0,0,2195,0,100,6,0,0,100,91,44,0,0,63,0,0,0,0
617,fs_lightplane89,0,-14068,1572,0,-87,7,0,0,0,2195,0,100,6,0,0,100,91,44,0,0,63,0,0,0,0
618,fs_lightplane89,0,-14092,1574,0,-87,7,0,0,0,2195,0,100,6,0,0,100,91,44,0,0,63,0,0,0,0
619,fs_lightplane89,0,-14115,1576,0,-87,7,0,0,0,2195,0,100,6,0,0,100,91,44,0,0,63,0,0,0,0
620,fs_lightplane89,0,-14138,1578,0,-87,7,0,0,0,2195,0,100,6,0,0,100,91,44,0,0,63,0,0,0,0
621,fs_lightplane89,0,-14162,1580,0,-87,7,0,0,0,2195,0,100,6,0,0,100,91,44,0,0,63,0,0,0,0
622,fs_lightplane89,0,-14185,1582,0,-87,7,0,0,0,2195,0,100,6,0,0,100,91,44,0,0,63,0,0,0,0
623,fs_lightplane89,0,-14208,1584,0,-87,7,0,0,0,2195,0,100,6,0,0,100,91,44,0,0,63,0,0,0,0
624,fs_lightplane89,0,-14232,1586,0,-87,7,0,0,0,2195,0,100,6,0,0,100,91,44,0,0,63,0,0,0,0
625,fs_lightplane89,0,-14255,1588,0,-87,7,0,0,0,2195,0,100,6,0,0,100,91,44,0,0,63,0,0,0,0
626,fs_lightplane89,0,-14278,1591,0,-87,7,0,0,0,2195,0,100,6,0,0,100,91,44,0,0,63,0,0,0,0
627,fs_lightplane89,0,-14302,1593,0,-87,7,0,0,0,2195,0,100,6,0,0,100,91,44,0,0,63,0,0,0,0
628,fs_lightplane89,0,-14325,1595,0,-87,7,0,0,0,2195,0,100,6,0,0,100,91,44,0,0,63,0,0,0,0
629,fs_lightplane89,0,-14348,1597,0,-87,7,0,0,0,2195,0,100,6,0,0,100,91,44,0,0,63,0,0,0,0
630,fs_lightplane89,0,-14371,1599,0,-87,7,0,0,0,2195,0,100,6,0,0,100,91,44,0,0,63,0,0,0,0
631,fs_lightplane89,0,-14395,1601,0,-87,7,0,0,0,2195,0,100,6,0,0,100,91,44,0,0,62,0,0,0,0
632,fs_lightplane89,0,-14418,1603,0,-87,7,0,0,0,2195,0,100,6,0,0,100,91,44,0,0,62,0,0,0,0
633,fs_lightplane89,0,-14441,1605,0,-87,7,0,0,0,2195,0,100,6,0,0,100,91,44,0,0,62,0,0,0,0
634,fs_lightplane89,0,-14465,1607,0,-87,7,0,0,0,2195,0,100,6,0,0,100,91,44,0,0,62,0,0,0,0
635,fs_lightplane89,0,-14488,1609,0,-87,7,0,0,0,2195,0,100,6,0,0,100,91,44,0,0,62,0,0,0,0
636,fs_lightplane89,0,-14511,1611,0,-87,7,0,0,0,2195,0,100,6,0,0,100,91,44,0,0,62,0,0,0,0
637,fs_lightplane89,0,-14535,1613,0,-87,7,0,0,0,2195,0,100,6,0,0,100,91,44,0,0,62,0,0,0,0
638,fs_lightplane89,0,-14558,1615,0,-87,7,0,0,0,2195,0,100,6,0,0,100,91,44,0,0,62,0,0,0,0
639,fs_lightplane89,0,-14581,1617,0,-87,7,0,0,0,2195,0,100,6,0,0,100,91,44,0,0,62,0,0,0,0
640,fs_lightplane89,0,-14605,1619,0,-87,7,0,0,0,2195,0,100,6,0,0,100,91,44,0,0,62,0,0,0,0
641,fs_lightplane89,0,-14628,1621,0,-87,7,0,0,0,2195,0,100,6,0,0,100,91,44,0,0,62,0,0,0,0
642,fs_lightplane89,0,-14651,1623,0,-87,7,0,0,0,2195,0,100,6,0,0,100,91,44,0,0,62,0,0,0,0
643,fs_lightplane89,0,-14675,1625,0,-87,7,0,0,0,2195,0,100,6,0,0,100,91,44,0,0,62,0,0,0,0
644,fs_lightplane89,0,-14698,1627,0,-87,7,0,0,0,2195,0,100,6,0,0,100,91,44,0,0,62,0,0,0,0
645,fs_lightplane89,0,-14721,1629,0,-87,7,0,0,0,2195,0,100,6,0,0,100,91,44,0,0,62,0,0,0,0
646,fs_lightplane89,0,-14744,1631,0,-87,7,0,0,0,2195,0,100,6,0,0,100,91,44,0,0,62,0,0,0,0
647,fs_lightplane89,0,-14768,1633,0,-87,7,0,0,0,2195,0,100,6,0,0,100,91,44,0,0,62,0,0,0,0
648,fs_lightplane89,0,-14791,1635,0,-87,7,0,0,0,2195,0,100,6,0,0,100,91,44,0,0,61,0,0,0,0
649,fs_lightplane89,0,-14814,1637,0,-87,7,0,0,0,2195,0,100,6,0,0,100,91,44,0,0,61,0,0,0,0
650,fs_lightplane89,0,-14838,1639,0,-87,7,0,0,0,2195,0,100,6,0,0,100,91,44,0,0,61,0,0,0,0
651,fs_lightplane89,0,-14861,1641,0,-87,7,0,0,0,2195,0,100,6,0,0,100,91,44,0,0,61,0,0,0,0
652,fs_lightplane89,0,-14884,1643,0,-87,7,0,0,0,2195,0,100,6,0,0,100,91,44,0,0,61,0,0,0,0
653,fs_lightplane89,0,-14908,1645,0,-87,7,0,0,0,2195,0,100,6,0,0,100,91,44,0,0,61,0,0,0,0
654,fs_lightplane89,0,-14931,1647,0,-87,7,0,0,0,2195,0,100,6,0,0,100,91,44,0,0,61,0,0,0,0
655,fs_lightplane89,0,-14954,1649,0,-87,7,0,0,0,2195,0,100,6,0,0,100,91,44,0,0,61,0,0,0,0
656,fs_lightplane89,0,-14978,1651,0,-87,7,0,0,0,2195,0,100,6,0,0,100,91,44,0,0,61,0,0,0,0
657,fs_lightplane89,0,-15001,1653,0,-87,7,0,0,0,2195,0,100,6,0,0,100,91,44,0,0,61,0,0,0,0
658,fs_lightplane89,0,-15024,1656,0,-87,7,0,0,0,2195,0,100,6,0,0,100,91,44,0,0,61,0,0,0,0
659,fs_lightplane89,0,-15048,1658,0,-87,7,0,0,0,2195,0,100,6,0,0,100,91,44,0,0,61,0,0,0,0
660,fs_lightplane89,0,-15071,1660,0,-87,7,0,0,0,2195,0,100,6,0,0,100,91,44,0,0,61,0,0,0,0
661,fs_lightplane89,0,-15094,1662,0,-87,7,0,0,0,2195,0,100,6,0,0,100,91,44,0,0,61,0,0,0,0
662,fs_lightplane89,0,-15117,1664,0,-87,7,0,0,0,2195,0,100,6,0,0,100,91,44,0,0,61,0,0,0,0
663,fs_lightplane89,0,-15141,1666,0,-87,7,0,0,0,2195,0,100,6,0,0,100,91,44,0,0,61,0,0,0,0
664,fs_lightplane89,0,-15164,1668,0,-87,7,0,0,0,2195,0,100,6,0,0,100,91,44,0,0,61,0,0,0,0
665,fs_lightplane89,0,-15187,1670,0,-87,7,0,0,0,2195,0,100,6,0,0,100,91,44,0,0,60,0,0,0,0
666,fs_lightplane89,0,-15211,1672,0,-87,7,0,0,0,2195,0,100,6,0,0,100,91,44,0,0,60,0,0,0,0
667,fs_lightplane89,0,-15234,1674,0,-87,7,0,0,0,2195,0,100,6,0,0,100,91,44,0,0,60,0,0,0,0
668,fs_lightplane89,0,-15257,1676,0,-87,7,0,0,0,2195,0,100,6,0,0,100,91,44,0,0,60,0,0,0,0
669,fs_lightplane89,0,-15281,1678,0,-87,7,0,0,0,2195,0,100,6,0,0,100,91,44,0,0,60,0,0,0,0
670,fs_lightplane89,0,-15304,1680,0,-87,7,0,0,0,2195,0,100,6,0,0,100,91,44,0,0,60,0,0,0,0
671,fs_lightplane89,0,-15327,1682,0,-87,7,0,0,0,2195,0,100,6,0,0,100,91,44,0,0,60,0,0,0,0
672,fs_lightplane89,0,-15351,1684,0,-87,7,0,0,0,2195,0,100,6,0,0,100,91,44,0,0,60,0,0,0,0
673,fs_lightplane89,0,-15374,1686,0,-87,7,0,0,0,2195,0,100,6,0,0,100,91,44,0,0,60,0,0,0,0
674,fs_lightplane89,0,-15397,1688,0,-87,7,0,0,0,2195,0,100,6,0,0,100,91,44,0,0,60,0,0,0,0
675,fs_lightplane89,0,-15421,1690,0,-87,7,0,0,0,2195,0,100,6,0,0,100,91,44,0,0,60,0,0,0,0
676,fs_lightplane89,0,-15444,1692,0,-87,7,0,0,0,2195,0,100,6,0,0,100,91,44,0,0,60,0,0,0,0
677,fs_lightplane89,0,-15467,1694,0,-87,7,0,0,0,2195,0,100,6,0,0,100,91,44,0,0,60,0,0,0,0
678,fs_lightplane89,0,-15490,1696,0,-87,7,0,0,0,2195,0,100,6,0,0,100,91,44,0,0,60,0,0,0,0
679,fs_lightplane89,0,-15514,1698,0,-87,7,0,0,0,2195,0,100,6,0,0,100,91,44,0,0,60,0,0,0,0
680,fs_lightplane89,0,-15537,1700,0,-87,7,0,0,0,2195,0,100,6,0,0,100,91,44,0,0,60,0,0,0,0
681,fs_lightplane89,0,-15560,1702,0,-87,7,0,0,0,2195,0,100,6,0,0,100,91,44,0,0,60,0,0,0,0
682,fs_lightplane89,0,-15584,1704,0,-87,7,0,0,0,2195,0,100,6,0,0,100,91,44,0,0,59,0,0,0,0
683,fs_lightplane89,0,-15607,1706,0,-87,7,0,0,0,2195,0,100,6,0,0,100,91,44,0,0,59,0,0,0,0
684,fs_lightplane89,0,-15630,1708,0,-87,7,0,0,0,2195,0,100,6,0,0,100,91,44,0,0,59,0,0,0,0
685,fs_lightplane89,0,-15654,1710,0,-87,7,0,0,0,2195,0,100,6,0,0,100,91,44,0,0,59,0,0,0,0
686,fs_lightplane89,0,-15677,1712,0,-87,7,0,0,0,2195,0,100,6,0,0,100,91,44,0,0,59,0,0,0,0
687,fs_lightplane89,0,-15700,1714,0,-87,7,0,0,0,2195,0,100,6,0,0,100,91,44,0,0,59,0,0,0,0
688,fs_lightplane89,0,-15724,1716,0,-87,7,0,0,0,2195,0,100,6,0,0,100,91,44,0,0,59,0,0,0,0
689,fs_lightplane89,0,-15747,1718,0,-87,7,0,0,0,2195,0,100,6,0,0,100,91,44,0,0,59,0,0,0,0
690,fs_lightplane89,0,-15770,1721,0,-87,7,0,0,0,2195,0,100,6,0,0,100,91,44,0,0,59,0,0,0,0
691,fs_lightplane89,0,-15794,1723,0,-87,7,0,0,0,2195,0,100,6,0,0,100,91,44,0,0,59,0,0,0,0
692,fs_lightplane89,0,-15817,1725,0,-87,7,0,0,0,2195,0,100,6,0,0,100,91,44,0,0,59,0,0,0,0
693,fs_lightplane89,0,-15840,1727,0,-87,7,0,0,0,2195,0,100,6,0,0,100,91,44,0,0,59,0,0,0,0
694,fs_lightplane89,0,-15863,1729,0,-87,7,0,0,0,2195,0,100,6,0,0,100,91,44,0,0,59,0,0,0,0
695,fs_lightplane89,0,-15887,1731,0,-87,7,0,0,0,2195,0,100,6,0,0,100,91,44,0,0,59,0,0,0,0
696,fs_lightplane89,0,-15910,1733,0,-87,7,0,0,0,2195,0,100,6,0,0,100,91,44,0,0,59,0,0,0,0
697,fs_lightplane89,0,-15933,1735,0,-87,7,0,0,0,2195,0,100,6,0,0,100,91,44,0,0,59,0,0,0,0
698,fs_lightplane89,0,-15957,1737,0,-87,7,0,0,0,2195,0,100,6,0,0,100,91,44,0,0,59,0,0,0,0
699,fs_lightplane89,0,-15980,1739,0,-87,7,0,0,0,2195,0,100,6,0,0,100,91,44,0,0,58,0,0,0,0
700,fs_lightplane89,0,-16003,1741,0,-87,7,0,0,0,2195,0,100,6,0,0,100,91,44,0,0,58,0,0,0,0
701,fs_lightplane89,0,-16027,1743,0,-87,7,0,0,0,2195,0,100,6,0,0,100,91,44,0,0,58,0,0,0,0
702,fs_lightplane89,0,-16050,1745,0,-87,7,0,0,0,2195,0,100,6,0,0,100,91,44,0,0,58,0,0,0,0
703,fs_lightplane89,0,-16073,1747,0,-87,7,0,0,0,2195,0,100,6,0,0,100,91,44,0,0,58,0,0,0,0
704,fs_lightplane89,0,-16097,1749,0,-87,7,0,0,0,2195,0,100,6,0,0,100,91,44,0,0,58,0,0,0,0
705,fs_lightplane89,0,-16120,1751,0,-87,7,0,0,0,2195,0,100,6,0,0,100,91,44,0,0,58,0,0,0,0
706,fs_lightplane89,0,-16143,1753,0,-87,7,0,0,0,2195,0,100,6,0,0,100,91,44,0,0,58,0,0,0,0
707,fs_lightplane89,0,-16167,1755,0,-87,7,0,0,0,2195,0,100,6,0,0,100,91,44,0,0,58,0,0,0,0
708,fs_lightplane89,0,-16190,1757,0,-87,7,0,0,0,2195,0,100,6,0,0,100,91,44,0,0,58,0,0,0,0
709,fs_lightplane89,0,-16213,1759,0,-87,7,0,0,0,2195,0,100,6,0,0,100,91,44,0,0,58,0,0,0,0
710,fs_lightplane89,0,-16236,1761,0,-87,7,0,0,0,2195,0,100,6,0,0,100,91,44,0,0,58,0,0,0,0
711,fs_lightplane89,0,-16260,1763,0,-87,7,0,0,0,2195,0,100,6,0,0,100,91,44,0,0,58,0,0,0,0
712,fs_lightplane89,0,-16283,1765,0,-87,7,0,0,0,2195,0,100,6,0,0,100,91,44,0,0,58,0,0,0,0
713,fs_lightplane89,0,-16306,1767,0,-87,7,0,0,0,2195,0,100,6,0,0,100,91,44,0,0,58,0,0,0,0
714,fs_lightplane89,0,-16330,1769,0,-87,7,0,0,0,2195,0,100,6,0,0,100,91,44,0,0,58,0,0,0,0
715,fs_lightplane89,0,-16353,1771,0,-87,7,0,0,0,2195,0,100,6,0,0,100,91,44,0,0,58,0,0,0,0
716,fs_lightplane89,0,-16376,1773,0,-87,7,0,0,0,2195,0,100,6,0,0,100,91,44,0,0,58,0,0,0,0
717,fs_lightplane89,0,-16400,1775,0,-87,7,0,0,0,2195,0,100,6,0,0,100,91,44,0,0,57,0,0,0,0
718,fs_lightplane89,0,-16423,1777,0,-87,7,0,0,0,2195,0,100,6,0,0,100,91,44,0,0,57,0,0,0,0
719,fs_lightplane89,0,-16446,1779,0,-87,7,0,0,0,2195,0,100,6,0,0,100,91,44,0,0,57,0,0,0,0
720,fs_lightplane89,0,-16470,1781,0,-87,7,0,0,0,2195,0,100,6,0,0,100,91,44,0,0,57,0,0,0,0
721,fs_lightplane89,0,-16493,1783,0,-87,7,0,0,0,2195,0,100,6,0,0,100,91,44,0,0,57,0,0,0,0
722,fs_lightplane89,0,-16516,1786,0,-87,7,0,0,0,2195,0,100,6,0,0,100,91,44,0,0,57,0,0,0,0
723,fs_lightplane89,0,-16540,1788,0,-87,7,0,0,0,2195,0,100,6,0,0,100,91,44,0,0,57,0,0,0,0
724,fs_lightplane89,0,-16563,1790,0,-87,7,0,0,0,2195,0,100,6,0,0,100,91,44,0,0,57,0,0,0,0
725,fs_lightplane89,0,-16586,1792,0,-87,7,0,0,0,2195,0,100,6,0,0,100,91,44,0,0,57,0,0,0,0
726,fs_lightplane89,0,-16609,1794,0,-87,7,0,0,0,2195,0,100,6,0,0,100,91,44,0,0,57,0,0,0,0
727,fs_lightplane89,0,-16633,1796,0,-87,7,0,0,0,2195,0,100,6,0,0,100,91,44,0,0,57,0,0,0,0
728,fs_lightplane89,0,-16656,1798,0,-87,7,0,0,0,2195,0,100,6,0,0,100,91,44,0,0,57,0,0,0,0
729,fs_lightplane89,0,-16679,1800,0,-87,7,0,0,0,2195,0,100,6,0,0,100,91,44,0,0,57,0,0,0,0
730,fs_lightplane89,0,-16703,1802,0,-87,7,0,0,0,2195,0,100,6,0,0,100,91,44,0,0,57,0,0,0,0
731,fs_lightplane89,0,-16726,1804,0,-87,7,0,0,0,2195,0,100,6,0,0,100,91,44,0,0,57,0,0,0,0
732,fs_lightplane89,0,-16749,1806,0,-87,7,0,0,0,2195,0,100,6,0,0,100,91,44,0,0,57,0,0,0,0
733,fs_lightplane89,0,-16773,1808,0,-87,7,0,0,0,2195,0,100,6,0,0,100,91,44,0,0,57,0,0,0,0
734,fs_lightplane89,0,-16796,1810,0,-87,7,0,0,0,2195,0,100,6,0,0,100,91,44,0,0,56,0,0,0,0
735,fs_lightplane89,0,-16819,1812,0,-87,7,0,0,0,2195,0,100,6,0,0,100,91,44,0,0,56,0,0,0,0
736,fs_lightplane89,0,-16843,1814,0,-87,7,0,0,0,2195,0,100,6,0,0,100,91,44,0,0,56,0,0,0,0
737,fs_lightplane89,0,-16866,1816,0,-87,7,0,0,0,2195,0,100,6,0,0,100,91,44,0,0,56,0,0,0,0
738,fs_lightplane89,0,-16889,1818,0,-87,7,0,0,0,2195,0,100,6,0,0,100,91,44,0,0,56,0,0,0,0
739,fs_lightplane89,0,-16913,1820,0,-87,7,0,0,0,2195,0,100,6,0,0,100,91,44,0,0,56,0,0,0,0
740,fs_lightplane89,0,-16936,1822,0,-87,7,0,0,0,2195,0,100,6,0,0,100,91,44,0,0,56,0,0,0,0
741,fs_lightplane89,0,-16959,1824,0,-87,7,0,0,0,2195,0,100,6,0,0,100,91,44,0,0,56,0,0,0,0
742,fs_lightplane89,0,-16982,1826,0,-87,7,0,0,0,2195,0,100,6,0,0,100,91,44,0,0,56,0,0,0,0
743,fs_lightplane89,0,-17006,1828,0,-87,7,0,0,0,2195,0,100,6,0,0,100,91,44,0,0,56,0,0,0,0
744,fs_lightplane89,0,-17029,1830,0,-87,7,0,0,0,2195,0,100,6,0,0,100,91,44,0,0,56,0,0,0,0
745,fs_lightplane89,0,-17052,1832,0,-87,7,0,0,0,2195,0,100,6,0,0,100,91,44,0,0,56,0,0,0,0
746,fs_lightplane89,0,-17076,1834,0,-87,7,0,0,0,2195,0,100,6,0,0,100,91,44,0,0,56,0,0,0,0
747,fs_lightplane89,0,-17099,1836,0,-87,7,0,0,0,2195,0,100,6,0,0,100,91,44,0,0,56,0,0,0,0
748,fs_lightplane89,0,-17122,1838,0,-87,7,0,0,0,2195,0,100,6,0,0,100,91,44,0,0,56,0,0,0,0
749,fs_lightplane89,0,-17146,1840,0,-87,7,0,0,0,2195,0,100,6,0,0,100,91,44,0,0,56,0,0,0,0
750,fs_lightplane89,0,-17169,1842,0,-87,7,0,0,0,2195,0,100,6,0,0,100,91,44,0,0,56,0,0,0,0
751,fs_lightplane89,0,-17192,1844,0,-87,7,0,0,0,2195,0,100,6,0,0,100,91,44,0,0,55,0,0,0,0
752,fs_lightplane89,0,-17216,1846,0,-87,7,0,0,0,2195,0,100,6,0,0,100,91,44,0,0,55,0,0,0,0
753,fs_lightplane89,0,-17239,1848,0,-87,7,0,0,0,2195,0,100,6,0,0,100,91,44,0,0,55,0,0,0,0
754,fs_lightplane89,0,-17262,1851,0,-87,7,0,0,0,2195,0,100,6,0,0,100,91,44,0,0,55,0,0,0,0
755,fs_lightplane89,0,-17286,1853,0,-87,7,0,0,0,2195,0,100,6,0,0,100,91,44,0,0,55,0,0,0,0
756,fs_lightplane89,0,-17309,1855,0,-87,7,0,0,0,2195,0,100,6,0,0,100,91,44,0,0,55,0,0,0,0
757,fs_lightplane89,0,-17332,1857,0,-87,7,0,0,0,2195,0,100,6,0,0,100,91,44,0,0,55,0,0,0,0
758,fs_lightplane89,0,-17355,1859,0,-87,7,0,0,0,2195,0,100,6,0,0,100,91,44,0,0,55,0,0,0,0
759,fs_lightplane89,0,-17379,1861,0,-87,7,0,0,0,2195,0,100,6,0,0,100,91,44,0,0,55,0,0,0,0
760,fs_lightplane89,0,-17402,1863,0,-87,7,0,0,0,2195,0,100,6,0,0,100,91,44,0,0,55,0,0,0,0
761,fs_lightplane89,0,-17425,1865,0,-87,7,0,0,0,2195,0,100,6,0,0,100,91,44,0,0,55,0,0,0,0
762,fs_lightplane89,0,-17449,1867,0,-87,7,0,0,0,2195,0,100,6,0,0,100,91,44,0,0,55,0,0,0,0
763,fs_lightplane89,0,-17472,1869,0,-87,7,0,0,0,2195,0,100,6,0,0,100,91,44,0,0,55,0,0,0,0
764,fs_lightplane89,0,-17495,1871,0,-87,7,0,0,0,2195,0,100,6,0,0,100,91,44,0,0,55,0,0,0,0
765,fs_lightplane89,0,-17519,1873,0,-87,7,0,0,0,2195,0,100,6,0,0,100,91,44,0,0,55,0,0,0,0
766,fs_lightplane89,0,-17542,1875,0,-87,7,0,0,0,2195,0,100,6,0,0,100,91,44,0,0,55,0,0,0,0
767,fs_lightplane89,0,-17565,1877,0,-87,7,0,0,0,2195,0,100,6,0,0,100,91,44,0,0,55,0,0,0,0
768,fs_lightplane89,0,-17589,1879,0,-87,7,0,0,0,2195,0,100,6,0,0,100,91,44,0,0,54,0,0,0,0
769,fs_lightplane89,0,-17612,1881,0,-87,7,0,0,0,2195,0,100,6,0,0,100,91,44,0,0,54,0,0,0,0
770,fs_lightplane89,0,-17635,1883,0,-87,7,0,0,0,2195,0,100,6,0,0,100,91,44,0,0,54,0,0,0,0
771,fs_lightplane89,0,-17659,1885,0,-87,7,0,0,0,2195,0,100,6,0,0,100,91,44,0,0,54,0,0,0,0
772,fs_lightplane89,0,-17682,1887,0,-87,7,0,0,0,2195,0,100,6,0,0,100,91,44,0,0,54,0,0,0,0
773,fs_lightplane89,0,-17705,1889,0,-87,7,0,0,0,2195,0,100,6,0,0,100,91,44,0,0,54,0,0,0,0
774,fs_lightplane89,0,-17728,1891,0,-87,7,0,0,0,2195,0,100,6,0,0,100,91,44,0,0,54,0,0,0,0
775,fs_lightplane89,0,-17752,1893,0,-87,7,0,0,0,2195,0,100,6,0,0,100,91,44,0,0,54,0,0,0,0
776,fs_lightplane89,0,-17775,1895,0,-87,7,0,0,0,2195,0,100,6,0,0,100,91,44,0,0,54,0,0,0,0
777,fs_lightplane89,0,-17798,1897,0,-87,7,0,0,0,2195,0,100,6,0,0,100,91,44,0,0,54,0,0,0,0
778,fs_lightplane89,0,-17822,1899,0,-87,7,0,0,0,2195,0,100,6,0,0,100,91,44,0,0,54,0,0,0,0
779,fs_lightplane89,0,-17845,1901,0,-87,7,0,0,0,2195,0,100,6,0,0,100,91,44,0,0,54,0,0,0,0
780,fs_lightplane89,0,-17868,1903,0,-87,7,0,0,0,2195,0,100,6,0,0,100,91,44,0,0,54,0,0,0,0
781,fs_lightplane89,0,-17892,1905,0,-87,7,0,0,0,2195,0,100,6,0,0,100,91,44,0,0,54,0,0,0,0
782,fs_lightplane89,0,-17915,1907,0,-87,7,0,0,0,2195,0,100,6,0,0,100,91,44,0,0,54,0,0,0,0
783,fs_lightplane89,0,-17938,1909,0,-87,7,0,0,0,2195,0,100,6,0,0,100,91,44,0,0,54,0,0,0,0
784,fs_lightplane89,0,-17962,1911,0,-87,7,0,0,0,2195,0,100,6,0,0,100,91,44,0,0,54,0,0,0,0
785,fs_lightplane89,0,-17985,1913,0,-87,7,0,0,0,2195,0,100,6,0,0,100,91,44,0,0,53,0,0,0,0
786,fs_lightplane89,0,-18008,1916,0,-87,7,0,0,0,2195,0,100,6,0,0,100,91,44,0,0,53,0,0,0,0
787,fs_lightplane89,0,-18032,1918,0,-87,7,0,0,0,2195,0,100,6,0,0,100,91,44,0,0,53,0,0,0,0
788,fs_lightplane89,0,-18055,1920,0,-87,7,0,0,0,2195,0,100,6,0,0,100,91,44,0,0,53,0,0,0,0
789,fs_lightplane89,0,-18078,1922,0,-87,7,0,0,0,2195,0,100,6,0,0,100,91,44,0,0,53,0,0,0,0
790,fs_lightplane89,0,-18101,1924,0,-87,7,0,0,0,2195,0,100,6,0,0,100,91,44,0,0,53,0,0,0,0
791,fs_lightplane89,0,-18125,1926,0,-87,7,0,0,0,2195,0,100,6,0,0,100,91,44,0,0,53,0,0,0,0
792,fs_lightplane89,0,-18148,1928,0,-87,7,0,0,0,2195,0,100,6,0,0,100,91,44,0,0,53,0,0,0,0
793,fs_lightplane89,0,-18171,1930,0,-87,7,0,0,0,2195,0,100,6,0,0,100,91,44,0,0,53,0,0,0,0
794,fs_lightplane89,0,-18195,1932,0,-87,7,0,0,0,2195,0,100,6,0,0,100,91,44,0,0,53,0,0,0,0
795,fs_lightplane89,0,-18218,1934,0,-87,7,0,0,0,2195,0,100,6,0,0,100,91,44,0,0,53,0,0,0,0
796,fs_lightplane89,0,-18241,1936,0,-87,7,0,0,0,2195,0,100,6,0,0,100,91,44,0,0,53,0,0,0,0
797,fs_lightplane89,0,-18265,1938,0,-87,7,0,0,0,2195,0,100,6,0,0,100,91,44,0,0,53,0,0,0,0
798,fs_lightplane89,0,-18288,1940,0,-87,7,0,0,0,2195,0,100,6,0,0,100,91,44,0,0,53,0,0,0,0
799,fs_lightplane89,0,-18311,1942,0,-87,7,0,0,0,2195,0,100,6,0,0,100,91,44,0,0,53,0,0,0,0
800,fs_lightplane89,0,-18335,1944,0,-87,7,0,0,0,2195,0,100,6,0,0,100,91,44,0,0,53,0,0,0,0
801,fs_lightplane89,0,-18358,1946,0,-87,7,0,0,0,2195,0,100,6,0,0,100,91,44,0,0,53,0,0,0,0
802,fs_lightplane89,0,-18381,1948,0,-87,7,0,0,0,2195,0,100,6,0,0,100,91,44,0,0,52,0,0,0,0
803,fs_lightplane89,0,-18405,1950,0,-87,7,0,0,0,2195,0,100,6,0,0,100,91,44,0,0,52,0,0,0,0
804,fs_lightplane89,0,-18428,1952,0,-87,7,0,0,0,2195,0,100,6,0,0,100,91,44,0,0,52,0,0,0,0
805,fs_lightplane89,0,-18451,1954,0,-87,7,0,0,0,2195,0,100,6,0,0,100,91,44,0,0,52,0,0,0,0
806,fs_lightplane89,0,-18474,1956,0,-87,7,0,0,0,2195,0,100,6,0,0,100,91,44,0,0,52,0,0,0,0
807,fs_lightplane89,0,-18498,1958,0,-87,7,0,0,0,2195,0,100,6,0,0,100,91,44,0,0,52,0,0,0,0
808,fs_lightplane89,0,-18521,1960,0,-87,7,0,0,0,2195,0,100,6,0,0,100,91,44,0,0,52,0,0,0,0
809,fs_lightplane89,0,-18544,1962,0,-87,7,0,0,0,2195,0,100,6,0,0,100,91,44,0,0,52,0,0,0,0
810,fs_lightplane89,0,-18568,1964,0,-87,7,0,0,0,2195,0,100,6,0,0,100,91,44,0,0,52,0,0,0,0
811,fs_lightplane89,0,-18591,1966,0,-87,7,0,0,0,2195,0,100,6,0,0,100,91,44,0,0,52,0,0,0,0
812,fs_lightplane89,0,-18614,1968,0,-87,7,0,0,0,2195,0,100,6,0,0,100,91,44,0,0,52,0,0,0,0
813,fs_lightplane89,0,-18638,1970,0,-87,7,0,0,0,2195,0,100,6,0,0,100,91,44,0,0,52,0,0,0,0
814,fs_lightplane89,0,-18661,1972,0,-87,7,0,0,0,2195,0,100,6,0,0,100,91,44,0,0,52,0,0,0,0
815,fs_lightplane89,0,-18684,1974,0,-87,7,0,0,0,2195,0,100,6,0,0,100,91,44,0,0,52,0,0,0,0
816,fs_lightplane89,0,-18708,1976,0,-87,7,0,0,0,2195,0,100,6,0,0,100,91,44,0,0,52,0,0,0,0
817,fs_lightplane89,0,-18731,1978,0,-87,7,0,0,0,2195,0,100,6,0,0,100,91,44,0,0,52,0,0,0,0
818,fs_lightplane89,0,-18754,1981,0,-87,7,0,0,0,2195,0,100,6,0,0,100,91,44,0,0,52,0,0,0,0
819,fs_lightplane89,0,-18778,1983,0,-87,7,0,0,0,2195,0,100,6,0,0,100,91,44,0,0,51,0,0,0,0
820,fs_lightplane89,0,-18801,1985,0,-87,7,0,0,0,2195,0,100,6,0,0,100,91,44,0,0,51,0,0,0,0
821,fs_lightplane89,0,-18824,1987,0,-87,7,0,0,0,2195,0,100,6,0,0,100,91,44,0,0,51,0,0,0,0
822,fs_lightplane89,0,-18847,1989,0,-87,7,0,0,0,2195,0,100,6,0,0,100,91,44,0,0,51,0,0,0,0
823,fs_lightplane89,0,-18871,1991,0,-87,7,0,0,0,2195,0,100,6,0,0,100,91,44,0,0,51,0,0,0,0
824,fs_lightplane89,0,-18894,1993,0,-87,7,0,0,0,2195,0,100,6,0,0,100,91,44,0,0,51,0,0,0,0
825,fs_lightplane89,0,-18917,1995,0,-87,7,0,0,0,2195,0,100,6,0,0,100,91,44,0,0,51,0,0,0,0
826,fs_lightplane89,0,-18941,1997,0,-87,7,0,0,0,2195,0,100,6,0,0,100,91,44,0,0,51,0,0,0,0
827,fs_lightplane89,0,-18964,1999,0,-87,7,0,0,0,2195,0,100,6,0,0,100,91,44,0,0,51,0,0,0,0
828,fs_lightplane89,0,-18987,2001,0,-87,7,0,0,0,2195,0,100,6,0,0,100,91,44,0,0,51,0,0,0,0
829,fs_lightplane89,0,-19011,2003,0,-87,7,0,0,0,2195,0,100,6,0,0,100,91,44,0,0,51,0,0,0,0
830,fs_lightplane89,0,-19034,2005,0,-87,7,0,0,0,2195,0,100,6,0,0,100,91,44,0,0,51,0,0,0,0
831,fs_lightplane89,0,-19057,2007,0,-87,7,0,0,0,2195,0,100,6,0,0,100,91,44,0,0,51,0,0,0,0
832,fs_lightplane89,0,-19081,2009,0,-87,7,0,0,0,2195,0,100,6,0,0,100,91,44,0,0,51,0,0,0,0
833,fs_lightplane89,0,-19104,2011,0,-87,7,0,0,0,2195,0,100,6,0,0,100,91,44,0,0,51,0,0,0,0
834,fs_lightplane89,0,-19127,2013,0,-87,7,0,0,0,2195,0,100,6,0,0,100,91,44,0,0,51,0,0,0,0
835,fs_lightplane89,0,-19151,2015,0,-87,7,0,0,0,2195,0,100,6,0,0,100,91,44,0,0,51,0,0,0,0
836,fs_lightplane89,0,-19174,2017,0,-87,7,0,0,0,2195,0,100,6,0,0,100,91,44,0,0,50,0,0,0,0
837,fs_lightplane89,0,-19197,2019,0,-87,7,0,0,0,2195,0,100,6,0,0,100,91,44,0,0,50,0,0,0,0
838,fs_lightplane89,0,-19220,2021,0,-87,7,0,0,0,2195,0,100,6,0,0,100,91,44,0,0,50,0,0,0,0
839,fs_lightplane89,0,-19244,2023,0,-87,7,0,0,0,2195,0,100,6,0,0,100,91,44,0,0,50,0,0,0,0
840,fs_lightplane89,0,-19267,2025,0,-87,7,0,0,0,2195,0,100,6,0,0,100,91,44,0,0,50,0,0,0,0
841,fs_lightplane89,0,-19290,2027,0,-87,7,0,0,0,2195,0,100,6,0,0,100,91,44,0,0,50,0,0,0,0
842,fs_lightplane89,0,-19314,2029,0,-87,7,0,0,0,2195,0,100,6,0,0,100,91,44,0,0,50,0,0,0,0
843,fs_lightplane89,0,-19337,2031,0,-87,7,0,0,0,2195,0,100,6,0,0,100,91,44,0,0,50,0,0,0,0
844,fs_lightplane89,0,-19360,2033,0,-87,7,0,0,0,2195,0,100,6,0,0,100,91,44,0,0,50,0,0,0,0
845,fs_lightplane89,0,-19384,2035,0,-87,7,0,0,0,2195,0,100,6,0,0,100,91,44,0,0,50,0,0,0,0
846,fs_lightplane89,0,-19407,2037,0,-87,7,0,0,0,2195,0,100,6,0,0,100,91,44,0,0,50,0,0,0,0
847,fs_lightplane89,0,-19430,2039,0,-87,7,0,0,0,2195,0,100,6,0,0,100,91,44,0,0,50,0,0,0,0
848,fs_lightplane89,0,-19454,2041,0,-87,7,0,0,0,2195,0,100,6,0,0,100,91,44,0,0,50,0,0,0,0
849,fs_lightplane89,0,-19477,2043,0,-87,7,0,0,0,2195,0,100,6,0,0,100,91,44,0,0,50,0,0,0,0
850,fs_lightplane89,0,-19500,2046,0,-87,7,0,0,0,2195,0,100,6,0,0,100,91,44,0,0,50,0,0,0,0
851,fs_lightplane89,0,-19524,2048,0,-87,7,0,0,0,2195,0,100,6,0,0,100,91,44,0,0,50,0,0,0,0
852,fs_lightplane89,0,-19547,2050,0,-87,7,0,0,0,2195,0,100,6,0,0,100,91,44,0,0,50,0,0,0,0
853,fs_lightplane89,0,-19570,2052,0,-87,7,0,0,0,2195,0,100,6,0,0,100,91,44,0,0,49,0,0,0,0
854,fs_lightplane89,0,-19593,2054,0,-87,7,0,0,0,2195,0,100,6,0,0,100,91,44,0,0,49,0,0,0,0
855,fs_lightplane89,0,-19617,2056,0,-87,7,0,0,0,2195,0,100,6,0,0,100,91,44,0,0,49,0,0,0,0
856,fs_lightplane89,0,-19640,2058,0,-87,7,0,0,0,2195,0,100,6,0,0,100,91,44,0,0,49,0,0,0,0
857,fs_lightplane89,0,-19663,2060,0,-87,7,0,0,0,2195,0,100,6,0,0,100,91,44,0,0,49,0,0,0,0
858,fs_lightplane89,0,-19687,2062,0,-87,7,0,0,0,2195,0,100,6,0,0,100,91,44,0,0,49,0,0,0,0
859,fs_lightplane89,0,-19710,2064,0,-87,7,0,0,0,2195,0,100,6,0,0,100,91,44,0,0,49,0,0,0,0
860,fs_lightplane89,0,-19733,2066,0,-87,7,0,0,0,2195,0,100,6,0,0,100,91,44,0,0,49,0,0,0,0
861,fs_lightplane89,0,-19757,2068,0,-87,7,0,0,0,2195,0,100,6,0,0,100,91,44,0,0,49,0,0,0,0
862,fs_lightplane89,0,-19780,2070,0,-87,7,0,0,0,2195,0,100,6,0,0,100,91,44,0,0,49,0,0,0,0
863,fs_lightplane89,0,-19803,2072,0,-87,7,0,0,0,2195,0,100,6,0,0,100,91,44,0,0,49,0,0,0,0
864,fs_lightplane89,0,-19827,2074,0,-87,7,0,0,0,2195,0,100,6,0,0,100,91,44,0,0,49,0,0,0,0
865,fs_lightplane89,0,-19850,2076,0,-87,7,0,0,0,2195,0,100,6,0,0,100,91,44,0,0,49,0,0,0,0
866,fs_lightplane89,0,-19873,2078,0,-87,7,0,0,0,2195,0,100,6,0,0,100,91,44,0,0,49,0,0,0,0
867,fs_lightplane89,0,-19897,2080,0,-87,7,0,0,0,2195,0,100,6,0,0,100,91,44,0,0,49,0,0,0,0
868,fs_lightplane89,0,-19920,2082,0,-87,7,0,0,0,2195,0,100,6,0,0,100,91,44,0,0,49,0,0,0,0
869,fs_lightplane89,0,-19943,2084,0,-87,7,0,0,0,2195,0,100,6,0,0,100,91,44,0,0,49,0,0,0,0
870,fs_lightplane89,0,-19966,2086,0,-87,7,0,0,0,2195,0,100,6,0,0,100,91,44,0,0,48,0,0,0,0
871,fs_lightplane89,0,-19990,2088,0,-87,7,0,0,0,2195,0,100,6,0,0,100,91,44,0,0,48,0,0,0,0
872,fs_lightplane89,0,-20013,2090,0,-87,7,0,0,0,2195,0,100,6,0,0,100,91,44,0,0,48,0,0,0,0
873,fs_lightplane89,0,-20036,2092,0,-87,7,0,0,0,2195,0,100,6,0,0,100,91,44,0,0,48,0,0,0,0
874,fs_lightplane89,0,-20060,2094,0,-87,7,0,0,0,2195,0,100,6,0,0,100,91,44,0,0,48,0,0,0,0
875,fs_lightplane89,0,-20083,2096,0,-87,7,0,0,0,2195,0,100,6,0,0,100,91,44,0,0,48,0,0,0,0
876,fs_lightplane89,0,-20106,2098,0,-87,7,0,0,0,2195,0,100,6,0,0,100,91,44,0,0,48,0,0,0,0
877,fs_lightplane89,0,-20130,2100,0,-87,7,0,0,0,2195,0,100,6,0,0,100,91,44,0,0,48,0,0,0,0
878,fs_lightplane89,0,-20153,2102,0,-87,7,0,0,0,2195,0,100,6,0,0,100,91,44,0,0,48,0,0,0,0
879,fs_lightplane89,0,-20176,2104,0,-87,7,0,0,0,2195,0,100,6,0,0,100,91,44,0,0,48,0,0,0,0
880,fs_lightplane89,0,-20200,2106,0,-87,7,0,0,0,2195,0,100,6,0,0,100,91,44,0,0,48,0,0,0,0
881,fs_lightplane89,0,-20223,2108,0,-87,7,0,0,0,2195,0,100,6,0,0,100,91,44,0,0,48,0,0,0,0
882,fs_lightplane89,0,-20246,2111,0,-87,7,0,0,0,2195,0,100,6,0,0,100,91,44,0,0,48,0,0,0,0
883,fs_lightplane89,0,-20270,2113,0,-87,7,0,0,0,2195,0,100,6,0,0,100,91,44,0,0,48,0,0,0,0
884,fs_lightplane89,0,-20293,2115,0,-87,7,0,0,0,2195,0,100,6,0,0,100,91,44,0,0,48,0,0,0,0
885,fs_lightplane89,0,-20316,2117,0,-87,7,0,0,0,2195,0,100,6,0,0,100,91,44,0,0,48,0,0,0,0
886,fs_lightplane89,0,-20339,2119,0,-87,7,0,0,0,2195,0,100,6,0,0,100,91,44,0,0,48,0,0,0,0
887,fs_lightplane89,0,-20363,2121,0,-87,7,0,0,0,2195,0,100,6,0,0,100,91,44,0,0,47,0,0,0,0
888,fs_lightplane89,0,-20386,2123,0,-87,7,0,0,0,2195,0,100,6,0,0,100,91,44,0,0,47,0,0,0,0
889,fs_lightplane89,0,-20409,2125,0,-87,7,0,0,0,2195,0,100,6,0,0,100,91,44,0,0,47,0,0,0,0
890,fs_lightplane89,0,-20433,2127,0,-87,7,0,0,0,2195,0,100,6,0,0,100,91,44,0,0,47,0,0,0,0
891,fs_lightplane89,0,-20456,2129,0,-87,7,0,0,0,2195,0,100,6,0,0,100,91,44,0,0,47,0,0,0,0
892,fs_lightplane89,0,-20479,2131,0,-87,7,0,0,0,2195,0,100,6,0,0,100,91,44,0,0,47,0,0,0,0
893,fs_lightplane89,0,-20503,2133,0,-87,7,0,0,0,2195,0,100,6,0,0,100,91,44,0,0,47,0,0,0,0
894,fs_lightplane89,0,-20526,2135,0,-87,7,0,0,0,2195,0,100,6,0,0,100,91,44,0,0,47,0,0,0,0
895,fs_lightplane89,0,-20549,2137,0,-87,7,0,0,0,2195,0,100,6,0,0,100,91,44,0,0,47,0,0,0,0
896,fs_lightplane89,0,-20573,2139,0,-87,7,0,0,0,2195,0,100,6,0,0,100,91,44,0,0,47,0,0,0,0
897,fs_lightplane89,0,-20596,2141,0,-87,7,0,0,0,2195,0,100,6,0,0,100,91,44,0,0,47,0,0,0,0
898,fs_lightplane89,0,-20619,2143,0,-87,7,0,0,0,2195,0,100,6,0,0,100,91,44,0,0,47,0,0,0,0
899,fs_lightplane89,0,-20643,2145,0,-87,7,0,0,0,2195,0,100,6,0,0,100,91,44,0,0,47,0,0,0,0
