id,enum,propulsion,eject,fin_rule,trail_rule,notes
0,RMESH_GRENADE40_LV,cartridge_low_velocity,case_on_breech_open,spin_stabilized,muzzle_puff_only,spent case on reload/open-breech
1,RMESH_M74_FLASH,rocket_clip_tube,empty_clip_on_reload,fixed_foldout,short_rocket_smoke,per-tube empty state, empty 4-rocket clip on reload
2,RMESH_BAZOOKA_M6A3,rocket_tube_burnout,optional_tail_cap,fixed_ring,backblast_only,no brass; short rear puff and optional tiny cap debris
3,RMESH_BAZOOKA_M28,rocket_tube_burnout,optional_seal_debris,fixed_foldout,backblast_only,no brass; stronger puff and optional seal debris
4,RMESH_RPG7_PG7V,two_stage_rpg,smoke_only,deploy_after_launch,delayed_sustainer,booster puff, fins open after launch, trail after delay
5,RMESH_RPG7_PG7VR,two_stage_rpg,smoke_only,deploy_after_launch,delayed_sustainer,same RPG phases but heavier visual feel
6,RMESH_RPG7_OG7V,boosted_grenade_no_sustainer,smoke_only,deploy_after_launch,coast_minimal,fragmentation visual: no sustained motor trail
7,RMESH_SURVIVAL_RPG7_CONE,two_stage_rpg,smoke_only,deploy_after_launch,delayed_sustainer,survival-horror RPG style: theatrical two-stage profile
8,RMESH_GENERIC_ROCKET_STUB,generic_rocket,smoke_only,fixed_foldout,short_rocket_smoke,fallback rocket profile
